state,statecode,year,accountability,veto,alliance,gini_disp,ed,CP
Angola,ANG,2001,0.351,0,0,50.3,2.449,1
Argentina,ARG,2001,0.936,1,0,46.4,8.41,0
Armenia,ARM,2001,0.638,1,0,38.8,10.624,1
Australia,AUL,2001,0.97,0,0,31.8,13.005,1
Austria,AUS,2001,0.97,0,0,26.7,13.005,0
Belarus,BLR,2001,0.27,1,0,24.5,9.894,1
Belgium,BEL,2001,0.951,0,1,26.5,10.786,0
Bolivia,BOL,2001,0.887,1,0,53.4,7.745,0
Botswana,BOT,2001,0.897,0,0,58.6,9.19,0
Brazil,BRA,2001,0.945,1,0,52.4,7.6,0
Bulgaria,BUL,2001,0.906,1,0,32.2,10.686,0
Burkina Faso,BFO,2001,0.805,1,0,46,0.938,0
Cameroon,CAO,2001,0.537,0,0,44.6,4.704,1
Canada,CAN,2001,0.94,0,1,31.1,12.864,1
Chile,CHL,2001,0.959,1,0,50.3,9.991,0
China,CHN,2001,0.196,1,0,39.9,6.963,1
Colombia,COL,2001,0.807,0,0,52.5,7.021,1
Costa Rica,COS,2001,0.971,1,0,45.2,6.951,0
Croatia,CRO,2001,0.89,1,0,53.7,0,0
Cyprus,CYP,2001,0.914,0,0,27.2,8.544,0
Czech Republic,CZR,2001,0.949,1,1,29.7,10.803,0
Denmark,DEN,2001,0.977,1,1,22.8,12.025,0
Djibouti,DJI,2001,0.409,1,0,42,0,0
Dominican Republic,DOM,2001,0.805,0,0,47.1,6.021,0
Ecuador,ECU,2001,0.854,0,0,49.7,8.066,0
Egypt,EGY,2001,0.384,1,0,41.4,6.919,0
El Salvador,SAL,2001,0.762,1,0,46.8,5.309,0
Estonia,EST,2001,0.956,1,0,34.9,11.28,0
Ethiopia,ETH,2001,0.358,1,0,33.1,0,0
Finland,FIN,2001,0.971,0,0,25,11.526,0
France,FRN,2001,0.952,1,1,27.9,11.902,1
Georgia,GRG,2001,0.63,1,0,37.6,10.695,1
Germany,GMY,2001,0.979,1,1,26.8,12.899,1
Ghana,GHA,2001,0.923,0,0,41.9,5.322,0
Greece,GRC,2001,0.954,0,1,33.3,9.953,1
Guatemala,GUA,2001,0.801,1,0,49.9,4.978,0
Honduras,HON,2001,0.742,1,0,50.6,5.466,1
Hungary,HUN,2001,0.928,1,1,27.2,10.794,0
Iceland,ICE,2001,0.944,0,1,30.1,10.68,0
India,IND,2001,0.915,0,0,44.7,4.543,1
Iran,IRN,2001,0.551,0,0,42,5.593,1
Ireland,IRE,2001,0.952,1,0,31.5,10.204,0
Israel,ISR,2001,0.922,0,0,35.1,10.517,0
Italy,ITA,2001,0.948,1,1,33.4,10.347,0
Jamaica,JAM,2001,0.882,1,0,42,8.72,0
Japan,JPN,2001,0.941,0,0,31,12.736,1
Jordan,JOR,2001,0.548,0,0,38.1,8.137,0
Kazakhstan,KZK,2001,0.415,1,0,29.3,11.025,0
Kenya,KEN,2001,0.689,0,0,46.8,6.118,0
Korea,KOR,2001,0.947,1,0,31.1,12.208,0
Kyrgyzstan,KYR,2001,0.478,1,0,35.1,10.176,0
Laos,LAO,2001,0.131,1,0,35.5,4.623,0
Latvia,LAT,2001,0.925,1,0,33.4,10.3,0
Lesotho,LES,2001,0.728,0,0,51.5,5.453,0
Lithuania,LIT,2001,0.938,1,0,32.2,10.331,1
Malawi,MAW,2001,0.767,0,0,47.4,4.09,0
Malaysia,MAL,2001,0.456,1,0,42.5,9.018,0
Malta,MLT,2001,0.887,0,0,28,0,0
Mauritania,MAA,2001,0.517,1,0,41,3.491,0
Mauritius,MAS,2001,0.938,0,0,37.7,7.292,0
Mexico,MEX,2001,0.847,1,0,48.3,8.075,0
Moldova,MLD,2001,0.716,1,0,38.3,9.695,0
Mongolia,MON,2001,0.886,1,0,34.4,0,0
Morocco,MOR,2001,0.619,0,0,41.2,3.769,0
Mozambique,MZM,2001,0.706,0,0,45.3,2.419,0
Namibia,NAM,2001,0.865,1,0,66.8,5.916,0
Netherlands,NTH,2001,0.956,1,1,25.3,11.305,1
New Zealand,NEW,2001,0.961,0,0,32.6,12.141,0
Nicaragua,NIC,2001,0.807,0,0,48.6,6.51,1
Niger,NIR,2001,0.795,1,0,39.7,1.058,0
Nigeria,NIG,2001,0.801,0,0,43.6,4.039,0
Norway,NOR,2001,0.971,0,1,24.8,12.429,1
Pakistan,PAK,2001,0.582,0,0,34,4.395,1
Panama,PAN,2001,0.889,1,0,51.1,8.673,0
Paraguay,PAR,2001,0.782,1,0,51.6,6.71,0
Peru,PER,2001,0.9,1,0,51.5,8.393,0
Philippines,PHI,2001,0.84,1,0,42.7,7.988,1
Poland,POL,2001,0.957,1,1,29.5,8.897,0
Portugal,POR,2001,0.954,1,1,33.6,7.388,1
Romania,ROM,2001,0.824,1,0,29.3,9.845,0
Russia,RUS,2001,0.618,0,0,36.4,9.43,1
Rwanda,RWA,2001,0.321,0,0,50.9,2.845,1
Serbia,0,2001,0.857,1,0,42.4,0,0
Seychelles,SEY,2001,0.616,0,0,34.2,9.9,0
Sierra Leone,SIE,2001,0.62,0,0,43.9,3.666,1
Singapore,SIN,2001,0.573,1,0,36.9,9.389,0
Slovakia,SLO,2001,0.93,1,0,38,10.669,0
South Africa,SAF,2001,0.924,0,0,60.1,7.484,0
Spain,SPN,2001,0.96,1,1,31.2,9.576,1
Sri Lanka,SRI,2001,0.697,1,0,41.5,6.989,0
Sudan,SUD,2001,0.213,1,0,40.4,0,1
Sweden,SWD,2001,0.975,1,0,20.8,11.562,0
Switzerland,SWZ,2001,0.962,0,0,31,12.629,0
Taiwan,TAW,2001,0.924,1,0,29.7,0,1
Tajikistan,TAJ,2001,0.348,1,0,41.2,9.507,1
Tanzania,TAZ,2001,0.81,1,0,43.1,3.425,0
Thailand,THI,2001,0.823,1,0,43.5,7.64,1
Tunisia,TUN,2001,0.244,1,0,41,5.446,0
Turkey,TUR,2001,0.801,1,1,41.8,6.345,1
Uganda,UGA,2001,0.624,1,0,44.6,3.451,1
Ukraine,UKR,2001,0.663,1,0,29.6,10.942,0
United Kingdom,UKG,2001,0.957,0,1,34.1,13.093,1
United States of America,USA,2001,0.955,1,1,37.3,13.07,1
Uruguay,URU,2001,0.956,1,0,41.1,8.404,0
Venezuela,VEN,2001,0.715,0,0,42.2,6.45,0
Vietnam,DRV,2001,0.365,1,0,33.9,5.351,0
Yemen,YEM,2001,0.477,0,0,36.7,0,0
Zambia,ZAM,2001,0.806,1,0,54.2,5.985,1
Zimbabwe,ZIM,2001,0.416,0,0,48.3,7.329,0
Angola,ANG,2002,0.344,0,0,50.3,2.508,1
Argentina,ARG,2002,0.932,1,0,46.3,8.45,1
Armenia,ARM,2002,0.63,1,0,38.5,10.645,1
Australia,AUL,2002,0.969,0,0,31.8,13.02,0
Austria,AUS,2002,0.969,0,0,26.9,13.02,0
Belarus,BLR,2002,0.267,1,0,24.4,9.929,0
Belgium,BEL,2002,0.951,0,1,26.6,10.842,0
Bolivia,BOL,2002,0.877,1,0,53.2,7.803,0
Botswana,BOT,2002,0.896,0,0,58.7,9.267,0
Brazil,BRA,2002,0.948,1,0,52,7.66,0
Bulgaria,BUL,2002,0.906,1,0,32.4,10.752,0
Burkina Faso,BFO,2002,0.799,1,0,45.7,0.993,0
Cameroon,CAO,2002,0.556,0,0,44.6,4.748,0
Canada,CAN,2002,0.937,0,1,31.1,12.888,0
Chile,CHL,2002,0.959,1,0,50,10.032,0
China,CHN,2002,0.202,1,0,41,7.044,1
Colombia,COL,2002,0.807,0,0,52.3,7.086,0
Costa Rica,COS,2002,0.971,1,0,45.4,7.012,0
Croatia,CRO,2002,0.89,1,0,53.9,0,1
Cyprus,CYP,2002,0.914,0,0,27.2,8.63,1
Czech Republic,CZR,2002,0.955,1,1,29.7,10.852,0
Denmark,DEN,2002,0.977,1,1,23,12.03,0
Djibouti,DJI,2002,0.434,1,0,42.1,0,0
Dominican Republic,DOM,2002,0.805,0,0,47.3,6.092,0
Ecuador,ECU,2002,0.848,0,0,49.4,8.123,0
Egypt,EGY,2002,0.379,1,0,41.3,7.008,0
El Salvador,SAL,2002,0.762,1,0,46.4,5.378,0
Estonia,EST,2002,0.956,1,0,34.6,11.3,0
Ethiopia,ETH,2002,0.357,1,0,33,0,1
Finland,FIN,2002,0.971,0,0,24.9,11.582,0
France,FRN,2002,0.952,1,1,28,11.964,0
Georgia,GRG,2002,0.628,1,0,37.6,10.718,0
Germany,GMY,2002,0.979,1,1,27,12.908,0
Ghana,GHA,2002,0.925,0,0,42.1,5.354,0
Greece,GRC,2002,0.955,0,1,33.1,10.036,1
Guatemala,GUA,2002,0.802,1,0,49.7,5.036,0
Honduras,HON,2002,0.733,1,0,51.3,5.502,0
Hungary,HUN,2002,0.931,1,1,27.3,10.838,0
Iceland,ICE,2002,0.945,0,1,30,10.759,0
India,IND,2002,0.917,0,0,45.6,4.576,1
Iran,IRN,2002,0.541,0,0,41.8,5.666,1
Ireland,IRE,2002,0.951,1,0,31.4,10.258,0
Israel,ISR,2002,0.923,0,0,35.4,10.539,1
Italy,ITA,2002,0.95,1,1,33.2,10.414,0
Jamaica,JAM,2002,0.9,1,0,42.1,8.76,0
Japan,JPN,2002,0.941,0,0,31.1,12.782,1
Jordan,JOR,2002,0.547,0,0,37.9,8.252,0
Kazakhstan,KZK,2002,0.411,1,0,29.1,11.105,0
Kenya,KEN,2002,0.73,0,0,46.7,6.156,1
Korea,KOR,2002,0.949,1,0,31.1,12.296,0
Kyrgyzstan,KYR,2002,0.474,1,0,34.8,10.184,0
Laos,LAO,2002,0.138,1,0,35.5,4.723,0
Latvia,LAT,2002,0.927,1,0,33.9,10.38,0
Lesotho,LES,2002,0.821,0,0,51.3,5.579,0
Lithuania,LIT,2002,0.938,1,0,32.4,10.47,0
Malawi,MAW,2002,0.766,0,0,47,4.165,0
Malaysia,MAL,2002,0.462,1,0,42.3,9.086,0
Malta,MLT,2002,0.887,0,0,27.9,0,0
Mauritania,MAA,2002,0.515,1,0,40.9,3.602,0
Mauritius,MAS,2002,0.939,0,0,37.7,7.352,0
Mexico,MEX,2002,0.852,1,0,47.9,8.12,0
Moldova,MLD,2002,0.746,1,0,38.1,9.727,0
Mongolia,MON,2002,0.888,1,0,34.4,0,0
Morocco,MOR,2002,0.638,0,0,41.2,3.838,1
Mozambique,MZM,2002,0.704,0,0,45.4,2.448,0
Namibia,NAM,2002,0.863,1,0,66.8,5.94,0
Netherlands,NTH,2002,0.955,1,1,25.6,11.33,0
New Zealand,NEW,2002,0.96,0,0,32.5,12.162,0
Nicaragua,NIC,2002,0.806,0,0,47.9,6.57,0
Niger,NIR,2002,0.793,1,0,39.8,1.086,0
Nigeria,NIG,2002,0.803,0,0,43.5,4.088,0
Norway,NOR,2002,0.971,0,1,25.8,12.448,0
Pakistan,PAK,2002,0.607,0,0,34.1,4.57,1
Panama,PAN,2002,0.889,1,0,51,8.716,0
Paraguay,PAR,2002,0.78,1,0,51.7,6.75,0
Peru,PER,2002,0.91,1,0,52,8.446,0
Philippines,PHI,2002,0.833,1,0,42.5,8.016,1
Poland,POL,2002,0.956,1,1,30,8.986,0
Portugal,POR,2002,0.957,1,1,33.8,7.436,0
Romania,ROM,2002,0.822,1,0,29.8,9.902,0
Russia,RUS,2002,0.583,0,0,36.1,9.45,1
Rwanda,RWA,2002,0.322,0,0,51,2.915,1
Serbia,0,2002,0.889,1,0,42.3,0,0
Seychelles,SEY,2002,0.62,0,0,34.5,9.956,0
Sierra Leone,SIE,2002,0.781,0,0,44,3.702,1
Singapore,SIN,2002,0.574,1,0,37,9.516,0
Slovakia,SLO,2002,0.933,1,0,37.9,10.725,0
South Africa,SAF,2002,0.925,0,0,60.2,7.528,0
Spain,SPN,2002,0.961,1,1,31,9.652,1
Sri Lanka,SRI,2002,0.7,1,0,41.7,7.037,0
Sudan,SUD,2002,0.212,1,0,40.4,0,1
Sweden,SWD,2002,0.975,1,0,21.1,11.594,0
Switzerland,SWZ,2002,0.962,0,0,30.9,12.638,0
Taiwan,TAW,2002,0.925,1,0,30,0,1
Tajikistan,TAJ,2002,0.346,1,0,41.7,9.49,0
Tanzania,TAZ,2002,0.81,1,0,43.3,3.449,1
Thailand,THI,2002,0.821,1,0,43.4,7.67,1
Tunisia,TUN,2002,0.242,1,0,40.9,5.544,0
Turkey,TUR,2002,0.832,1,1,41.6,6.39,1
Uganda,UGA,2002,0.608,1,0,44.7,3.572,1
Ukraine,UKR,2002,0.66,1,0,29.4,11.005,0
United Kingdom,UKG,2002,0.956,0,1,34,13.116,1
United States of America,USA,2002,0.959,1,1,37.4,13.13,1
Uruguay,URU,2002,0.956,1,0,41.7,8.438,0
Venezuela,VEN,2002,0.671,0,0,42.1,6.47,0
Vietnam,DRV,2002,0.365,1,0,34.1,5.482,1
Yemen,YEM,2002,0.477,0,0,36.8,0,0
Zambia,ZAM,2002,0.819,1,0,54.3,6.026,0
Zimbabwe,ZIM,2002,0.421,0,0,48.2,7.395,1
Angola,ANG,2003,0.374,0,0,50.2,2.567,0
Argentina,ARG,2003,0.923,1,0,45.8,8.49,0
Armenia,ARM,2003,0.589,1,0,38.3,10.667,0
Australia,AUL,2003,0.968,0,0,31.7,13.035,1
Austria,AUS,2003,0.968,0,0,26.9,13.035,0
Belarus,BLR,2003,0.263,1,0,24.3,9.963,0
Belgium,BEL,2003,0.95,0,1,26.6,10.898,0
Bolivia,BOL,2003,0.886,1,0,52.7,7.861,0
Botswana,BOT,2003,0.897,0,0,58.7,9.345,0
Brazil,BRA,2003,0.948,1,0,51.4,7.72,1
Bulgaria,BUL,2003,0.907,1,0,32.6,10.818,0
Burkina Faso,BFO,2003,0.801,1,0,45.5,1.047,0
Cameroon,CAO,2003,0.558,0,0,44.7,4.792,0
Canada,CAN,2003,0.937,0,1,31,12.912,0
Chile,CHL,2003,0.958,1,0,49.8,10.073,0
China,CHN,2003,0.213,1,0,41.5,7.124,1
Colombia,COL,2003,0.816,0,0,52,7.151,1
Costa Rica,COS,2003,0.971,1,0,45.2,7.073,0
Croatia,CRO,2003,0.887,1,0,54.2,0,0
Cyprus,CYP,2003,0.909,0,0,27.2,8.717,0
Czech Republic,CZR,2003,0.956,1,1,29.6,10.901,0
Denmark,DEN,2003,0.977,1,1,23.1,12.035,1
Djibouti,DJI,2003,0.42,1,0,42.2,0,0
Dominican Republic,DOM,2003,0.806,0,0,47.7,6.163,0
Ecuador,ECU,2003,0.848,0,0,49.1,8.18,0
Egypt,EGY,2003,0.38,1,0,41.2,7.097,0
El Salvador,SAL,2003,0.764,1,0,45.7,5.447,0
Estonia,EST,2003,0.956,1,0,34.4,11.319,0
Ethiopia,ETH,2003,0.358,1,0,33,0,1
Finland,FIN,2003,0.97,0,0,25.1,11.638,0
France,FRN,2003,0.952,1,1,28,12.026,0
Georgia,GRG,2003,0.65,1,0,37.6,10.741,1
Germany,GMY,2003,0.978,1,1,27.2,12.917,0
Ghana,GHA,2003,0.925,0,0,42.3,5.386,0
Greece,GRC,2003,0.955,0,1,32.8,10.119,0
Guatemala,GUA,2003,0.802,1,0,49.3,5.094,0
Honduras,HON,2003,0.742,1,0,51.8,5.538,0
Hungary,HUN,2003,0.934,1,1,27.7,10.882,0
Iceland,ICE,2003,0.945,0,1,29.5,10.837,0
India,IND,2003,0.915,0,0,46.6,4.609,1
Iran,IRN,2003,0.537,0,0,41.4,5.739,1
Ireland,IRE,2003,0.951,1,0,31.3,10.312,0
Israel,ISR,2003,0.923,0,0,35.8,10.561,1
Italy,ITA,2003,0.949,1,1,33.1,10.481,0
Jamaica,JAM,2003,0.9,1,0,42,8.8,0
Japan,JPN,2003,0.941,0,0,30.9,12.828,1
Jordan,JOR,2003,0.598,0,0,37.7,8.368,0
Kazakhstan,KZK,2003,0.405,1,0,28.9,11.186,0
Kenya,KEN,2003,0.797,0,0,46.6,6.194,1
Korea,KOR,2003,0.948,1,0,31,12.384,0
Kyrgyzstan,KYR,2003,0.464,1,0,34.7,10.191,0
Laos,LAO,2003,0.134,1,0,35.6,4.823,0
Latvia,LAT,2003,0.927,1,0,34.5,10.459,0
Lesotho,LES,2003,0.821,0,0,51.2,5.706,0
Lithuania,LIT,2003,0.937,1,0,32.9,10.609,0
Malawi,MAW,2003,0.767,0,0,46.7,4.241,0
Malaysia,MAL,2003,0.468,1,0,42.1,9.154,1
Malta,MLT,2003,0.887,0,0,27.8,0,0
Mauritania,MAA,2003,0.503,1,0,40.8,3.712,1
Mauritius,MAS,2003,0.938,0,0,37.8,7.411,0
Mexico,MEX,2003,0.863,1,0,47.5,8.165,0
Moldova,MLD,2003,0.744,1,0,37.9,9.759,1
Mongolia,MON,2003,0.888,1,0,34.5,0,0
Morocco,MOR,2003,0.629,0,0,41.3,3.907,0
Mozambique,MZM,2003,0.707,0,0,45.4,2.477,0
Namibia,NAM,2003,0.866,1,0,66.7,5.963,0
Netherlands,NTH,2003,0.956,1,1,25.9,11.355,1
New Zealand,NEW,2003,0.961,0,0,32.4,12.183,0
Nicaragua,NIC,2003,0.804,0,0,47.3,6.63,0
Niger,NIR,2003,0.792,1,0,39.8,1.114,0
Nigeria,NIG,2003,0.777,0,0,43.5,4.137,0
Norway,NOR,2003,0.971,0,1,26.4,12.467,0
Pakistan,PAK,2003,0.629,0,0,34.2,4.745,0
Panama,PAN,2003,0.889,1,0,50.6,8.759,0
Paraguay,PAR,2003,0.801,1,0,51.2,6.79,0
Peru,PER,2003,0.91,1,0,52.4,8.499,1
Philippines,PHI,2003,0.83,1,0,42.5,8.044,1
Poland,POL,2003,0.956,1,1,30.9,9.075,1
Portugal,POR,2003,0.957,1,1,33.9,7.484,0
Romania,ROM,2003,0.829,1,0,30.4,9.959,0
Russia,RUS,2003,0.553,0,0,36.6,9.47,1
Rwanda,RWA,2003,0.362,0,0,51.2,2.986,0
Serbia,0,2003,0.884,1,0,42.3,0,0
Seychelles,SEY,2003,0.639,0,0,34.6,10.012,0
Sierra Leone,SIE,2003,0.788,0,0,44.1,3.738,0
Singapore,SIN,2003,0.574,1,0,37.1,9.642,1
Slovakia,SLO,2003,0.932,1,0,37.7,10.782,0
South Africa,SAF,2003,0.924,0,0,60.3,7.572,0
Spain,SPN,2003,0.96,1,1,30.8,9.728,1
Sri Lanka,SRI,2003,0.7,1,0,41.9,7.085,0
Sudan,SUD,2003,0.214,1,0,40.4,0,1
Sweden,SWD,2003,0.975,1,0,21.3,11.626,0
Switzerland,SWZ,2003,0.965,0,0,30.9,12.647,1
Taiwan,TAW,2003,0.923,1,0,30.2,0,1
Tajikistan,TAJ,2003,0.353,1,0,42.2,9.472,0
Tanzania,TAZ,2003,0.812,1,0,43.5,3.474,0
Thailand,THI,2003,0.809,1,0,43.2,7.7,1
Tunisia,TUN,2003,0.241,1,0,40.8,5.642,0
Turkey,TUR,2003,0.839,1,1,41.5,6.435,1
Uganda,UGA,2003,0.593,1,0,44.8,3.693,1
Ukraine,UKR,2003,0.671,1,0,29.2,11.068,1
United Kingdom,UKG,2003,0.956,0,1,33.9,13.139,1
United States of America,USA,2003,0.962,1,1,37.8,13.19,1
Uruguay,URU,2003,0.956,1,0,42,8.472,0
Venezuela,VEN,2003,0.654,0,0,41.8,6.49,1
Vietnam,DRV,2003,0.363,1,0,34.1,5.613,1
Yemen,YEM,2003,0.513,0,0,36.8,0,0
Zambia,ZAM,2003,0.818,1,0,54.5,6.067,0
Zimbabwe,ZIM,2003,0.415,0,0,48.2,7.46,0
Angola,ANG,2004,0.375,0,0,50.2,2.626,0
Argentina,ARG,2004,0.918,1,0,44.9,8.53,0
Armenia,ARM,2004,0.587,1,0,38,10.688,0
Australia,AUL,2004,0.969,0,0,31.7,13.05,0
Austria,AUS,2004,0.969,0,0,26.9,13.05,0
Belarus,BLR,2004,0.252,1,0,24.2,9.998,0
Belgium,BEL,2004,0.948,0,1,26.7,10.954,0
Bolivia,BOL,2004,0.894,1,0,52.1,7.919,0
Botswana,BOT,2004,0.899,0,0,58.6,9.423,0
Brazil,BRA,2004,0.95,1,0,50.8,7.78,0
Bulgaria,BUL,2004,0.909,1,1,32.9,10.884,0
Burkina Faso,BFO,2004,0.802,1,0,45.1,1.102,0
Cameroon,CAO,2004,0.556,0,0,44.7,4.836,0
Canada,CAN,2004,0.936,0,1,31.3,12.936,1
Chile,CHL,2004,0.958,1,0,49.2,10.114,0
China,CHN,2004,0.217,1,0,41.9,7.205,1
Colombia,COL,2004,0.815,0,0,52.2,7.215,0
Costa Rica,COS,2004,0.971,1,0,45,7.134,0
Croatia,CRO,2004,0.881,1,0,54.4,0,0
Cyprus,CYP,2004,0.922,0,0,27.5,8.804,0
Czech Republic,CZR,2004,0.956,1,1,29.6,10.951,0
Denmark,DEN,2004,0.977,1,1,23.1,12.04,1
Djibouti,DJI,2004,0.421,1,0,42.2,0,0
Dominican Republic,DOM,2004,0.802,0,0,47.9,6.234,1
Ecuador,ECU,2004,0.847,0,0,48.7,8.237,0
Egypt,EGY,2004,0.383,1,0,41.1,7.186,1
El Salvador,SAL,2004,0.765,1,0,44.9,5.516,0
Estonia,EST,2004,0.957,1,1,34.1,11.339,0
Ethiopia,ETH,2004,0.353,1,0,32.9,0,1
Finland,FIN,2004,0.97,0,0,25.4,11.694,0
France,FRN,2004,0.952,1,1,28.1,12.088,1
Georgia,GRG,2004,0.785,1,0,37.8,10.764,1
Germany,GMY,2004,0.977,1,1,27.6,12.926,0
Ghana,GHA,2004,0.925,0,0,42.5,5.418,0
Greece,GRC,2004,0.955,0,1,32.9,10.202,1
Guatemala,GUA,2004,0.806,1,0,48.6,5.152,0
Honduras,HON,2004,0.743,1,0,52.1,5.574,0
Hungary,HUN,2004,0.933,1,1,27.7,10.926,0
Iceland,ICE,2004,0.945,0,1,29,10.916,0
India,IND,2004,0.912,0,0,47.6,4.642,1
Iran,IRN,2004,0.485,0,0,41.1,5.812,1
Ireland,IRE,2004,0.951,1,0,31.3,10.366,0
Israel,ISR,2004,0.924,0,0,36.2,10.583,1
Italy,ITA,2004,0.95,1,1,33.1,10.548,0
Jamaica,JAM,2004,0.9,1,0,41.9,8.84,0
Japan,JPN,2004,0.94,0,0,30.5,12.874,1
Jordan,JOR,2004,0.595,0,0,37.5,8.483,0
Kazakhstan,KZK,2004,0.409,1,0,28.7,11.266,0
Kenya,KEN,2004,0.796,0,0,46.5,6.232,1
Korea,KOR,2004,0.948,1,0,31,12.472,0
Kyrgyzstan,KYR,2004,0.466,1,0,34.9,10.198,0
Laos,LAO,2004,0.136,1,0,35.7,4.923,0
Latvia,LAT,2004,0.93,1,1,34.9,10.539,0
Lesotho,LES,2004,0.821,0,0,51.1,5.832,0
Lithuania,LIT,2004,0.941,1,1,33.4,10.748,0
Malawi,MAW,2004,0.756,0,0,46.3,4.316,0
Malaysia,MAL,2004,0.533,1,0,42,9.222,1
Malta,MLT,2004,0.886,0,0,27.7,0,0
Mauritania,MAA,2004,0.513,1,0,40.7,3.823,0
Mauritius,MAS,2004,0.938,0,0,37.9,7.471,0
Mexico,MEX,2004,0.863,1,0,47.2,8.21,0
Moldova,MLD,2004,0.751,1,0,37.7,9.792,0
Mongolia,MON,2004,0.89,1,0,34.6,0,0
Morocco,MOR,2004,0.631,0,0,41.3,3.976,0
Mozambique,MZM,2004,0.738,0,0,45.5,2.506,0
Namibia,NAM,2004,0.87,1,0,66.7,5.986,0
Netherlands,NTH,2004,0.956,1,1,26.2,11.38,0
New Zealand,NEW,2004,0.96,0,0,32.4,12.204,0
Nicaragua,NIC,2004,0.805,0,0,46.6,6.69,0
Niger,NIR,2004,0.803,1,0,39.8,1.142,0
Nigeria,NIG,2004,0.776,0,0,43.5,4.186,0
Norway,NOR,2004,0.971,0,1,26.2,12.486,0
Pakistan,PAK,2004,0.63,0,0,34.3,4.92,1
Panama,PAN,2004,0.891,1,0,50.1,8.802,0
Paraguay,PAR,2004,0.807,1,0,50.4,6.83,0
Peru,PER,2004,0.907,1,0,52.3,8.552,0
Philippines,PHI,2004,0.793,1,0,42.4,8.072,0
Poland,POL,2004,0.956,1,1,31.6,9.164,0
Portugal,POR,2004,0.957,1,1,34.1,7.532,0
Romania,ROM,2004,0.809,1,1,31.2,10.015,0
Russia,RUS,2004,0.547,0,0,37,9.49,1
Rwanda,RWA,2004,0.375,0,0,51.3,3.056,1
Serbia,0,2004,0.877,1,0,42.2,0,0
Seychelles,SEY,2004,0.691,0,0,34.4,10.068,0
Sierra Leone,SIE,2004,0.79,0,0,44.1,3.774,0
Singapore,SIN,2004,0.574,1,0,37.1,9.769,0
Slovakia,SLO,2004,0.932,1,1,37.6,10.838,0
South Africa,SAF,2004,0.928,0,0,60.3,7.616,0
Spain,SPN,2004,0.962,1,1,30.4,9.804,0
Sri Lanka,SRI,2004,0.707,1,0,42.1,7.133,0
Sudan,SUD,2004,0.241,1,0,40.4,0,1
Sweden,SWD,2004,0.975,1,0,21.5,11.658,0
Switzerland,SWZ,2004,0.965,0,0,30.8,12.656,0
Taiwan,TAW,2004,0.917,1,0,30.3,0,0
Tajikistan,TAJ,2004,0.331,1,0,42.3,9.455,1
Tanzania,TAZ,2004,0.81,1,0,43.7,3.498,0
Thailand,THI,2004,0.806,1,0,43,7.73,1
Tunisia,TUN,2004,0.239,1,0,40.7,5.741,0
Turkey,TUR,2004,0.84,1,1,41.4,6.48,1
Uganda,UGA,2004,0.598,1,0,44.9,3.814,1
Ukraine,UKR,2004,0.633,1,0,29,11.132,0
United Kingdom,UKG,2004,0.955,0,1,34.2,13.162,0
United States of America,USA,2004,0.962,1,1,37.7,13.25,1
Uruguay,URU,2004,0.959,1,0,42.4,8.506,0
Venezuela,VEN,2004,0.638,0,0,41.4,6.51,0
Vietnam,DRV,2004,0.369,1,0,34.3,5.744,0
Yemen,YEM,2004,0.517,0,0,36.9,0,0
Zambia,ZAM,2004,0.821,1,0,54.8,6.108,1
Zimbabwe,ZIM,2004,0.396,0,0,48.1,7.525,0
Angola,ANG,2005,0.39,0,0,50.2,2.685,1
Argentina,ARG,2005,0.915,1,0,44,8.57,0
Armenia,ARM,2005,0.587,1,0,37.5,10.71,0
Australia,AUL,2005,0.969,0,0,31.9,13.065,0
Austria,AUS,2005,0.969,0,0,27.1,13.065,0
Belarus,BLR,2005,0.248,1,0,24.2,10.032,0
Belgium,BEL,2005,0.951,0,1,26.6,11.01,0
Bolivia,BOL,2005,0.89,1,0,51.7,7.977,0
Botswana,BOT,2005,0.9,0,0,58.6,9.5,0
Brazil,BRA,2005,0.957,1,0,50.4,7.84,0
Bulgaria,BUL,2005,0.902,1,1,33.1,10.95,0
Burkina Faso,BFO,2005,0.813,1,0,44.8,1.156,0
Cameroon,CAO,2005,0.549,0,0,44.8,4.88,1
Canada,CAN,2005,0.936,0,1,31.1,12.96,1
Chile,CHL,2005,0.967,1,0,48.6,10.155,0
China,CHN,2005,0.202,1,0,42.2,7.285,1
Colombia,COL,2005,0.819,0,0,52.5,7.28,1
Costa Rica,COS,2005,0.971,1,0,44.9,7.195,0
Croatia,CRO,2005,0.894,1,0,54.7,0,1
Cyprus,CYP,2005,0.923,0,0,27.9,8.891,0
Czech Republic,CZR,2005,0.957,1,1,29.6,11,0
Denmark,DEN,2005,0.979,1,1,23.6,12.045,1
Djibouti,DJI,2005,0.386,1,0,42.3,0,0
Dominican Republic,DOM,2005,0.801,0,0,47.8,6.305,0
Ecuador,ECU,2005,0.848,0,0,48.3,8.294,1
Egypt,EGY,2005,0.378,1,0,41,7.275,0
El Salvador,SAL,2005,0.765,1,0,44.3,5.585,0
Estonia,EST,2005,0.956,1,1,33.6,11.358,0
Ethiopia,ETH,2005,0.404,1,0,32.9,0,1
Finland,FIN,2005,0.97,1,0,25.4,11.75,0
France,FRN,2005,0.953,1,1,28.2,12.15,1
Georgia,GRG,2005,0.788,1,0,38.1,10.787,1
Germany,GMY,2005,0.98,1,1,28.3,12.935,0
Ghana,GHA,2005,0.924,0,0,42.8,5.45,1
Greece,GRC,2005,0.955,0,1,32.8,10.285,0
Guatemala,GUA,2005,0.806,1,0,48.4,5.21,0
Honduras,HON,2005,0.719,1,0,52.2,5.61,0
Hungary,HUN,2005,0.933,1,1,27.6,10.97,0
Iceland,ICE,2005,0.943,0,1,29.1,10.995,0
India,IND,2005,0.907,0,0,47.6,4.675,1
Iran,IRN,2005,0.439,0,0,40.8,5.885,1
Ireland,IRE,2005,0.951,1,0,31.3,10.42,0
Israel,ISR,2005,0.924,0,0,36.5,10.605,0
Italy,ITA,2005,0.954,1,1,32.9,10.615,0
Jamaica,JAM,2005,0.909,1,0,41.7,8.88,0
Japan,JPN,2005,0.944,0,0,30.5,12.92,1
Jordan,JOR,2005,0.597,0,0,37.3,8.599,0
Kazakhstan,KZK,2005,0.388,1,0,28.4,11.346,0
Kenya,KEN,2005,0.797,0,0,46.4,6.27,1
Korea,KOR,2005,0.947,1,0,31,12.56,0
Kyrgyzstan,KYR,2005,0.528,1,0,35.1,10.206,1
Laos,LAO,2005,0.135,1,0,35.8,5.023,0
Latvia,LAT,2005,0.923,1,1,35.2,10.618,0
Lesotho,LES,2005,0.821,0,0,51,5.958,0
Lithuania,LIT,2005,0.942,1,1,33.4,10.888,0
Malawi,MAW,2005,0.774,0,0,46,4.392,0
Malaysia,MAL,2005,0.533,1,0,41.7,9.29,1
Malta,MLT,2005,0.887,0,0,27.6,0,0
Mauritania,MAA,2005,0.545,0,0,40.5,3.933,0
Mauritius,MAS,2005,0.94,0,0,37.9,7.53,0
Mexico,MEX,2005,0.864,1,0,47,8.255,0
Moldova,MLD,2005,0.708,1,0,37.6,9.824,0
Mongolia,MON,2005,0.892,1,0,34.6,0,0
Morocco,MOR,2005,0.659,0,0,41.3,4.045,0
Mozambique,MZM,2005,0.734,0,0,45.5,2.535,0
Namibia,NAM,2005,0.87,1,0,66.7,6.01,0
Netherlands,NTH,2005,0.956,1,1,26.4,11.405,0
New Zealand,NEW,2005,0.961,0,0,32.3,12.225,0
Nicaragua,NIC,2005,0.807,1,0,45.9,6.75,0
Niger,NIR,2005,0.803,1,0,39.8,1.17,0
Nigeria,NIG,2005,0.776,0,0,43.5,4.235,1
Norway,NOR,2005,0.972,0,1,26.2,12.505,1
Pakistan,PAK,2005,0.633,0,0,34.3,5.095,1
Panama,PAN,2005,0.891,1,0,49.6,8.845,0
Paraguay,PAR,2005,0.807,1,0,49.5,6.87,0
Peru,PER,2005,0.908,1,0,52,8.605,0
Philippines,PHI,2005,0.795,1,0,42.3,8.1,0
Poland,POL,2005,0.959,1,1,31.9,9.252,0
Portugal,POR,2005,0.963,1,1,34.1,7.58,1
Romania,ROM,2005,0.851,1,1,31.9,10.072,0
Russia,RUS,2005,0.53,0,0,36.9,9.51,1
Rwanda,RWA,2005,0.368,0,0,51.5,3.126,0
Serbia,0,2005,0.873,1,0,42.2,0,0
Seychelles,SEY,2005,0.691,0,0,34,10.124,0
Sierra Leone,SIE,2005,0.789,0,0,44.2,3.81,0
Singapore,SIN,2005,0.574,1,0,37.2,9.896,0
Slovakia,SLO,2005,0.932,1,1,37.5,10.894,0
South Africa,SAF,2005,0.929,0,0,60.4,7.66,0
Spain,SPN,2005,0.962,1,1,29.9,9.88,0
Sri Lanka,SRI,2005,0.659,1,0,42.4,7.181,0
Sudan,SUD,2005,0.298,1,0,40.4,0,1
Sweden,SWD,2005,0.974,1,0,21.4,11.69,0
Switzerland,SWZ,2005,0.964,0,0,30.7,12.665,0
Taiwan,TAW,2005,0.916,1,0,30.4,0,1
Tajikistan,TAJ,2005,0.309,1,0,42.4,9.438,1
Tanzania,TAZ,2005,0.81,1,0,43.8,3.523,0
Thailand,THI,2005,0.787,1,0,42.8,7.76,1
Tunisia,TUN,2005,0.24,1,0,40.7,5.839,0
Turkey,TUR,2005,0.836,1,1,41.2,6.525,1
Uganda,UGA,2005,0.609,1,0,45,3.935,1
Ukraine,UKR,2005,0.724,1,0,28.7,11.195,1
United Kingdom,UKG,2005,0.957,0,1,33.9,13.185,0
United States of America,USA,2005,0.962,1,1,38.2,13.31,1
Uruguay,URU,2005,0.96,1,0,42.1,8.54,0
Venezuela,VEN,2005,0.559,0,0,41,6.53,0
Vietnam,DRV,2005,0.375,1,0,34.4,5.876,0
Yemen,YEM,2005,0.517,1,0,36.9,0,1
Zambia,ZAM,2005,0.828,1,0,54.9,6.149,0
Zimbabwe,ZIM,2005,0.407,0,0,48,7.591,0
Angola,ANG,2006,0.386,0,0,50,2.744,0
Argentina,ARG,2006,0.913,1,0,43.1,8.61,0
Armenia,ARM,2006,0.587,1,0,37,10.732,1
Australia,AUL,2006,0.969,0,0,32.1,13.08,0
Austria,AUS,2006,0.969,0,0,27.4,13.08,0
Belarus,BLR,2006,0.238,1,0,24.3,10.067,0
Belgium,BEL,2006,0.951,0,1,26.4,11.066,0
Bolivia,BOL,2006,0.854,1,0,50.7,8.036,0
Botswana,BOT,2006,0.899,0,0,58.7,9.578,0
Brazil,BRA,2006,0.957,1,0,50.2,7.9,0
Bulgaria,BUL,2006,0.905,1,1,33.3,11.016,0
Burkina Faso,BFO,2006,0.814,1,0,44.5,1.211,0
Cameroon,CAO,2006,0.549,0,0,44.8,4.924,0
Canada,CAN,2006,0.941,0,1,31,12.984,0
Chile,CHL,2006,0.969,1,0,48.1,10.196,0
China,CHN,2006,0.204,1,0,42.4,7.366,0
Colombia,COL,2006,0.823,0,0,53.4,7.345,1
Costa Rica,COS,2006,0.974,1,0,45.1,7.256,0
Croatia,CRO,2006,0.891,1,0,54.8,0,0
Cyprus,CYP,2006,0.928,0,0,28.4,8.978,0
Czech Republic,CZR,2006,0.959,1,1,29.6,11.049,0
Denmark,DEN,2006,0.979,1,1,24.2,12.05,0
Djibouti,DJI,2006,0.385,1,0,42.5,0,0
Dominican Republic,DOM,2006,0.794,0,0,47.8,6.376,0
Ecuador,ECU,2006,0.845,0,0,47.8,8.351,1
Egypt,EGY,2006,0.363,1,0,41,7.364,1
El Salvador,SAL,2006,0.781,1,0,43.5,5.654,0
Estonia,EST,2006,0.957,1,1,33.1,11.378,0
Ethiopia,ETH,2006,0.368,1,0,32.9,0,1
Finland,FIN,2006,0.972,1,0,25.6,11.806,0
France,FRN,2006,0.952,1,1,28.4,12.212,0
Georgia,GRG,2006,0.787,1,0,38.4,10.81,0
Germany,GMY,2006,0.98,1,1,28.6,12.944,0
Ghana,GHA,2006,0.924,0,0,42.9,5.482,0
Greece,GRC,2006,0.954,0,1,32.7,10.368,1
Guatemala,GUA,2006,0.804,1,0,48.3,5.268,0
Honduras,HON,2006,0.73,1,0,51.8,5.646,0
Hungary,HUN,2006,0.922,1,1,27.3,11.014,0
Iceland,ICE,2006,0.943,0,1,29.2,11.074,0
India,IND,2006,0.907,0,0,47.8,4.708,0
Iran,IRN,2006,0.405,0,0,40.5,5.958,1
Ireland,IRE,2006,0.951,1,0,31,10.474,0
Israel,ISR,2006,0.923,0,0,36.6,10.628,1
Italy,ITA,2006,0.96,1,1,32.7,10.682,0
Jamaica,JAM,2006,0.911,1,0,41.5,8.92,0
Japan,JPN,2006,0.945,0,0,30.6,12.966,1
Jordan,JOR,2006,0.609,0,0,37.1,8.714,0
Kazakhstan,KZK,2006,0.387,1,0,28,11.427,0
Kenya,KEN,2006,0.795,0,0,46.3,6.308,1
Korea,KOR,2006,0.948,1,0,31,12.648,0
Kyrgyzstan,KYR,2006,0.538,1,0,35.1,10.213,1
Laos,LAO,2006,0.132,1,0,36,5.123,0
Latvia,LAT,2006,0.913,1,1,35.3,10.698,0
Lesotho,LES,2006,0.822,0,0,50.9,6.084,0
Lithuania,LIT,2006,0.941,1,1,33.1,11.027,0
Malawi,MAW,2006,0.778,0,0,46,4.468,0
Malaysia,MAL,2006,0.535,1,0,41.6,9.358,1
Malta,MLT,2006,0.888,0,0,27.5,0,0
Mauritania,MAA,2006,0.72,0,0,40.2,4.044,0
Mauritius,MAS,2006,0.94,0,0,37.9,7.59,0
Mexico,MEX,2006,0.837,1,0,46.4,8.3,0
Moldova,MLD,2006,0.708,1,0,37.3,9.856,0
Mongolia,MON,2006,0.897,1,0,34.7,0,0
Morocco,MOR,2006,0.66,0,0,41.3,4.114,0
Mozambique,MZM,2006,0.732,0,0,45.6,2.564,0
Namibia,NAM,2006,0.869,1,0,66.6,6.033,0
Netherlands,NTH,2006,0.961,1,1,26.6,11.43,0
New Zealand,NEW,2006,0.961,0,0,32.2,12.246,0
Nicaragua,NIC,2006,0.752,1,0,45.3,6.81,0
Niger,NIR,2006,0.808,1,0,39.5,1.198,0
Nigeria,NIG,2006,0.777,0,0,43.6,4.284,0
Norway,NOR,2006,0.971,0,1,25.3,12.524,0
Pakistan,PAK,2006,0.629,0,0,34.3,5.27,1
Panama,PAN,2006,0.89,1,0,49.2,8.888,0
Paraguay,PAR,2006,0.806,1,0,49.2,6.91,0
Peru,PER,2006,0.921,1,0,51.5,8.658,0
Philippines,PHI,2006,0.794,1,0,42.3,8.128,0
Poland,POL,2006,0.955,1,1,31.6,9.341,0
Portugal,POR,2006,0.963,1,1,34.1,7.628,0
Romania,ROM,2006,0.85,1,1,32.8,10.129,0
Russia,RUS,2006,0.531,0,0,36.8,9.53,1
Rwanda,RWA,2006,0.37,0,0,51.4,3.197,1
Serbia,0,2006,0.873,1,0,42,0,0
Seychelles,SEY,2006,0.707,0,0,33.6,10.181,0
Sierra Leone,SIE,2006,0.788,0,0,44.2,3.846,0
Singapore,SIN,2006,0.583,1,0,37.3,10.023,0
Slovakia,SLO,2006,0.926,1,1,18.1,10.951,0
South Africa,SAF,2006,0.928,0,0,60.5,7.704,0
Spain,SPN,2006,0.962,1,1,29.4,9.956,0
Sri Lanka,SRI,2006,0.632,1,0,42.6,7.229,0
Sudan,SUD,2006,0.305,1,0,40.4,0,1
Sweden,SWD,2006,0.975,1,0,21.6,11.722,0
Switzerland,SWZ,2006,0.965,0,0,30.7,12.674,0
Taiwan,TAW,2006,0.916,1,0,30.4,0,0
Tajikistan,TAJ,2006,0.301,1,0,42.5,9.421,1
Tanzania,TAZ,2006,0.812,1,0,44,3.547,0
Thailand,THI,2006,0.691,1,0,42.6,7.79,1
Tunisia,TUN,2006,0.238,1,0,40.5,5.937,0
Turkey,TUR,2006,0.837,1,1,40.9,6.57,1
Uganda,UGA,2006,0.642,1,0,45,4.056,1
Ukraine,UKR,2006,0.816,1,0,28.4,11.258,0
United Kingdom,UKG,2006,0.957,0,1,33.9,13.208,0
United States of America,USA,2006,0.97,1,1,38.5,13.37,1
Uruguay,URU,2006,0.96,1,0,42.1,8.574,0
Venezuela,VEN,2006,0.535,0,0,40.1,6.55,1
Vietnam,DRV,2006,0.379,1,0,34.4,6.007,0
Yemen,YEM,2006,0.521,1,0,37,0,0
Zambia,ZAM,2006,0.833,1,0,55.1,6.19,0
Zimbabwe,ZIM,2006,0.411,0,0,48,7.656,0
Angola,ANG,2007,0.387,0,0,49.8,2.803,0
Argentina,ARG,2007,0.912,1,0,42.1,8.65,0
Armenia,ARM,2007,0.6,1,0,36.7,10.753,0
Australia,AUL,2007,0.972,0,0,32.5,13.095,0
Austria,AUS,2007,0.972,0,0,27.8,13.095,0
Belarus,BLR,2007,0.234,1,0,24.3,10.101,0
Belgium,BEL,2007,0.956,0,1,26.5,11.122,0
Bolivia,BOL,2007,0.853,1,0,49.5,8.094,0
Botswana,BOT,2007,0.899,0,0,58.7,9.656,0
Brazil,BRA,2007,0.956,1,0,49.2,7.96,0
Bulgaria,BUL,2007,0.904,1,1,33.5,11.082,0
Burkina Faso,BFO,2007,0.812,1,0,44.1,1.265,0
Cameroon,CAO,2007,0.547,0,0,44.9,4.968,0
Canada,CAN,2007,0.94,0,1,31.2,13.008,0
Chile,CHL,2007,0.97,1,0,47.8,10.237,0
China,CHN,2007,0.205,1,0,42.7,7.446,1
Colombia,COL,2007,0.826,0,0,54.3,7.41,1
Costa Rica,COS,2007,0.975,1,0,45.3,7.317,0
Croatia,CRO,2007,0.896,1,0,54.9,0,0
Cyprus,CYP,2007,0.928,0,0,28.8,9.064,0
Czech Republic,CZR,2007,0.959,1,1,29.7,11.099,0
Denmark,DEN,2007,0.979,1,1,24.2,12.055,0
Djibouti,DJI,2007,0.389,1,0,42.6,0,0
Dominican Republic,DOM,2007,0.799,0,0,47.3,6.447,0
Ecuador,ECU,2007,0.809,0,0,47.1,8.408,1
Egypt,EGY,2007,0.364,1,0,41.1,7.453,0
El Salvador,SAL,2007,0.778,1,0,43,5.723,0
Estonia,EST,2007,0.957,1,1,32.3,11.397,0
Ethiopia,ETH,2007,0.373,1,0,32.9,0,1
Finland,FIN,2007,0.973,1,0,25.7,11.862,1
France,FRN,2007,0.955,1,1,28.8,12.274,0
Georgia,GRG,2007,0.77,1,0,38.9,10.833,1
Germany,GMY,2007,0.98,1,1,28.7,12.953,0
Ghana,GHA,2007,0.927,0,0,43,5.514,0
Greece,GRC,2007,0.96,0,1,32.6,10.451,1
Guatemala,GUA,2007,0.82,1,0,48.1,5.326,0
Honduras,HON,2007,0.733,1,0,51.3,5.682,0
Hungary,HUN,2007,0.932,1,1,27,11.058,0
Iceland,ICE,2007,0.95,0,1,28.7,11.152,0
India,IND,2007,0.908,0,0,48,4.741,1
Iran,IRN,2007,0.406,0,0,40.1,6.031,1
Ireland,IRE,2007,0.954,1,0,30.8,10.528,0
Israel,ISR,2007,0.923,0,0,36.7,10.65,1
Italy,ITA,2007,0.963,1,1,32.6,10.749,0
Jamaica,JAM,2007,0.919,1,0,41.3,8.96,0
Japan,JPN,2007,0.944,0,0,30.8,13.012,1
Jordan,JOR,2007,0.602,0,0,36.9,8.83,0
Kazakhstan,KZK,2007,0.389,1,0,27.7,11.507,0
Kenya,KEN,2007,0.762,0,0,46.1,6.346,0
Korea,KOR,2007,0.949,1,0,31.3,12.736,0
Kyrgyzstan,KYR,2007,0.517,1,0,34.8,10.22,0
Laos,LAO,2007,0.131,1,0,36.1,5.223,0
Latvia,LAT,2007,0.915,1,1,35.5,10.777,0
Lesotho,LES,2007,0.793,0,0,50.8,6.21,0
Lithuania,LIT,2007,0.941,1,1,33.3,11.166,0
Malawi,MAW,2007,0.781,0,0,45.9,4.543,0
Malaysia,MAL,2007,0.535,1,0,41.4,9.426,0
Malta,MLT,2007,0.885,0,0,27.5,0,0
Mauritania,MAA,2007,0.77,1,0,39.9,4.154,0
Mauritius,MAS,2007,0.94,0,0,38,7.65,0
Mexico,MEX,2007,0.833,1,0,46.4,8.345,0
Moldova,MLD,2007,0.706,1,0,37.1,9.889,0
Mongolia,MON,2007,0.898,1,0,34.7,0,0
Morocco,MOR,2007,0.648,0,0,41.3,4.183,0
Mozambique,MZM,2007,0.734,0,0,45.7,2.593,0
Namibia,NAM,2007,0.868,1,0,66.5,6.056,0
Netherlands,NTH,2007,0.961,1,1,26.7,11.455,0
New Zealand,NEW,2007,0.961,0,0,32.1,12.267,0
Nicaragua,NIC,2007,0.662,1,0,44.6,6.87,0
Niger,NIR,2007,0.809,1,0,39.2,1.226,0
Nigeria,NIG,2007,0.77,0,0,43.5,4.333,0
Norway,NOR,2007,0.972,0,1,24.7,12.543,0
Pakistan,PAK,2007,0.621,0,0,34.3,5.445,1
Panama,PAN,2007,0.89,1,0,48.7,8.931,0
Paraguay,PAR,2007,0.811,1,0,48.6,6.95,0
Peru,PER,2007,0.912,1,0,50.5,8.711,0
Philippines,PHI,2007,0.807,1,0,42.2,8.156,0
Poland,POL,2007,0.952,1,1,31.3,9.43,0
Portugal,POR,2007,0.964,1,1,33.9,7.676,0
Romania,ROM,2007,0.851,1,1,33,10.186,0
Russia,RUS,2007,0.504,0,0,36.4,9.55,1
Rwanda,RWA,2007,0.372,0,0,51.4,3.267,0
Serbia,0,2007,0.877,1,0,42,0,0
Seychelles,SEY,2007,0.71,0,0,33.5,10.237,0
Sierra Leone,SIE,2007,0.78,0,0,44.3,3.882,0
Singapore,SIN,2007,0.58,1,0,37.5,10.15,0
Slovakia,SLO,2007,0.928,1,1,17.5,11.007,0
South Africa,SAF,2007,0.929,0,0,60.6,7.748,0
Spain,SPN,2007,0.962,1,1,29.2,10.032,0
Sri Lanka,SRI,2007,0.63,1,0,42.8,7.277,0
Sudan,SUD,2007,0.302,1,0,40.3,0,1
Sweden,SWD,2007,0.975,1,0,22,11.754,0
Switzerland,SWZ,2007,0.967,0,0,30.6,12.683,0
Taiwan,TAW,2007,0.916,1,0,30.6,0,1
Tajikistan,TAJ,2007,0.297,1,0,42.6,9.404,0
Tanzania,TAZ,2007,0.813,1,0,44.2,3.572,0
Thailand,THI,2007,0.627,1,0,42.3,7.82,1
Tunisia,TUN,2007,0.241,1,0,40.3,6.036,0
Turkey,TUR,2007,0.81,1,1,40.5,6.615,1
Uganda,UGA,2007,0.647,1,0,45,4.177,1
Ukraine,UKR,2007,0.824,1,0,28,11.322,0
United Kingdom,UKG,2007,0.957,0,1,34.1,13.231,0
United States of America,USA,2007,0.97,1,1,38.1,13.43,1
Uruguay,URU,2007,0.961,1,0,42.3,8.608,0
Venezuela,VEN,2007,0.525,0,0,39.2,6.57,0
Vietnam,DRV,2007,0.377,1,0,34.5,6.138,0
Yemen,YEM,2007,0.519,1,0,37,0,0
Zambia,ZAM,2007,0.829,1,0,55.2,6.231,0
Zimbabwe,ZIM,2007,0.41,0,0,48,7.722,0
Angola,ANG,2008,0.424,0,0,49.7,2.862,0
Argentina,ARG,2008,0.907,1,0,41.3,8.69,0
Armenia,ARM,2008,0.541,1,0,36.2,10.775,0
Australia,AUL,2008,0.972,0,0,32.8,13.11,0
Austria,AUS,2008,0.972,0,0,27.9,13.11,0
Belarus,BLR,2008,0.244,1,0,24.3,10.136,0
Belgium,BEL,2008,0.958,0,1,26.2,11.178,0
Bolivia,BOL,2008,0.853,1,0,47.9,8.152,0
Botswana,BOT,2008,0.897,0,0,58.8,9.734,0
Brazil,BRA,2008,0.956,1,0,48.4,8.02,0
Bulgaria,BUL,2008,0.904,1,1,33.5,11.148,1
Burkina Faso,BFO,2008,0.811,1,0,43.8,1.319,0
Cameroon,CAO,2008,0.552,0,0,44.9,5.012,0
Canada,CAN,2008,0.938,0,1,31.1,13.032,0
Chile,CHL,2008,0.97,1,0,47.6,10.278,0
China,CHN,2008,0.205,1,0,42.9,7.527,0
Colombia,COL,2008,0.834,0,0,53.2,7.475,1
Costa Rica,COS,2008,0.974,1,0,45.4,7.378,0
Croatia,CRO,2008,0.897,1,0,55,0,0
Cyprus,CYP,2008,0.929,0,0,29.1,9.151,0
Czech Republic,CZR,2008,0.958,1,1,29.8,11.148,0
Denmark,DEN,2008,0.979,1,1,24.5,12.06,0
Djibouti,DJI,2008,0.386,1,0,42.7,0,1
Dominican Republic,DOM,2008,0.795,0,0,46.5,6.518,0
Ecuador,ECU,2008,0.76,0,0,46.1,8.465,1
Egypt,EGY,2008,0.363,1,0,41.1,7.542,0
El Salvador,SAL,2008,0.779,1,0,42.5,5.792,0
Estonia,EST,2008,0.957,1,1,32,11.417,0
Ethiopia,ETH,2008,0.372,1,0,32.9,0,1
Finland,FIN,2008,0.973,1,0,25.3,11.918,0
France,FRN,2008,0.958,1,1,29.1,12.336,0
Georgia,GRG,2008,0.753,1,0,39.3,10.856,0
Germany,GMY,2008,0.98,1,1,28.7,12.962,0
Ghana,GHA,2008,0.933,0,0,43.1,5.546,0
Greece,GRC,2008,0.96,0,1,32.4,10.534,0
Guatemala,GUA,2008,0.82,1,0,47.9,5.384,0
Honduras,HON,2008,0.738,1,0,50.6,5.718,0
Hungary,HUN,2008,0.935,1,1,26.8,11.102,0
Iceland,ICE,2008,0.95,0,1,28.4,11.231,0
India,IND,2008,0.907,0,0,48.3,4.774,1
Iran,IRN,2008,0.384,0,0,39.7,6.104,1
Ireland,IRE,2008,0.955,1,0,30.5,10.582,0
Israel,ISR,2008,0.923,0,0,36.7,10.672,0
Italy,ITA,2008,0.956,1,1,32.6,10.816,0
Jamaica,JAM,2008,0.919,1,0,41.2,9,0
Japan,JPN,2008,0.944,0,0,31.4,13.058,1
Jordan,JOR,2008,0.609,0,0,36.6,8.946,0
Kazakhstan,KZK,2008,0.386,1,0,27.2,11.587,0
Kenya,KEN,2008,0.764,0,0,46.1,6.384,1
Korea,KOR,2008,0.912,1,0,31.4,12.824,0
Kyrgyzstan,KYR,2008,0.49,1,0,34.4,10.228,0
Laos,LAO,2008,0.134,1,0,36.2,5.323,0
Latvia,LAT,2008,0.915,1,1,35.6,10.856,0
Lesotho,LES,2008,0.793,0,0,50.7,6.337,0
Lithuania,LIT,2008,0.947,1,1,33.8,11.305,0
Malawi,MAW,2008,0.78,0,0,45.9,4.619,0
Malaysia,MAL,2008,0.54,1,0,41.2,9.494,1
Malta,MLT,2008,0.897,0,0,27.4,0,0
Mauritania,MAA,2008,0.654,1,0,39.6,4.265,0
Mauritius,MAS,2008,0.939,0,0,38.1,7.709,0
Mexico,MEX,2008,0.836,1,0,46.4,8.39,0
Moldova,MLD,2008,0.707,1,0,36.6,9.921,0
Mongolia,MON,2008,0.893,1,0,34.7,0,0
Morocco,MOR,2008,0.654,0,0,41.3,4.252,0
Mozambique,MZM,2008,0.729,0,0,45.8,2.622,0
Namibia,NAM,2008,0.868,1,0,66.4,6.08,0
Netherlands,NTH,2008,0.961,1,1,26.5,11.48,0
New Zealand,NEW,2008,0.964,0,0,32,12.288,0
Nicaragua,NIC,2008,0.64,1,0,44,6.93,0
Niger,NIR,2008,0.804,1,0,38.9,1.254,0
Nigeria,NIG,2008,0.773,0,0,43.6,4.382,0
Norway,NOR,2008,0.971,0,1,24.7,12.562,1
Pakistan,PAK,2008,0.673,0,0,34.4,5.62,1
Panama,PAN,2008,0.89,1,0,48.3,8.974,0
Paraguay,PAR,2008,0.846,1,0,48,6.99,0
Peru,PER,2008,0.914,1,0,49.3,8.764,0
Philippines,PHI,2008,0.807,1,0,42.1,8.184,0
Poland,POL,2008,0.959,1,1,31.1,9.519,0
Portugal,POR,2008,0.963,1,1,33.7,7.724,0
Romania,ROM,2008,0.874,1,1,32.8,10.243,0
Russia,RUS,2008,0.5,0,0,36.6,9.57,1
Rwanda,RWA,2008,0.395,0,0,51.3,3.337,0
Serbia,0,2008,0.88,1,0,41.8,0,0
Seychelles,SEY,2008,0.712,0,0,33.5,10.293,0
Sierra Leone,SIE,2008,0.779,0,0,44.1,3.918,0
Singapore,SIN,2008,0.582,1,0,37.7,10.277,0
Slovakia,SLO,2008,0.927,1,1,17.5,11.064,0
South Africa,SAF,2008,0.929,0,0,60.6,7.792,0
Spain,SPN,2008,0.966,1,1,29.7,10.108,0
Sri Lanka,SRI,2008,0.627,1,0,43.1,7.325,1
Sudan,SUD,2008,0.311,1,0,40.3,0,1
Sweden,SWD,2008,0.976,1,0,22.4,11.786,0
Switzerland,SWZ,2008,0.967,0,0,30.6,12.692,0
Taiwan,TAW,2008,0.917,1,0,30.6,0,1
Tajikistan,TAJ,2008,0.292,1,0,42.6,9.387,0
Tanzania,TAZ,2008,0.818,1,0,44.3,3.596,0
Thailand,THI,2008,0.745,1,0,42,7.85,1
Tunisia,TUN,2008,0.242,1,0,40.1,6.134,0
Turkey,TUR,2008,0.792,1,1,40.3,6.66,1
Uganda,UGA,2008,0.645,1,0,45,4.298,0
Ukraine,UKR,2008,0.822,1,0,27.6,11.385,1
United Kingdom,UKG,2008,0.958,0,1,34.2,13.254,0
United States of America,USA,2008,0.971,1,1,38,13.49,1
Uruguay,URU,2008,0.961,1,0,41.4,8.642,0
Venezuela,VEN,2008,0.525,0,0,38.4,6.59,1
Vietnam,DRV,2008,0.38,1,0,34.6,6.269,0
Yemen,YEM,2008,0.526,1,0,37,0,0
Zambia,ZAM,2008,0.837,1,0,55.4,6.272,0
Zimbabwe,ZIM,2008,0.395,0,0,47.9,7.787,0
Angola,ANG,2009,0.434,0,0,49.6,2.921,1
Argentina,ARG,2009,0.903,1,0,40.7,8.73,0
Armenia,ARM,2009,0.575,1,0,35.9,10.796,0
Australia,AUL,2009,0.972,0,0,32.8,13.125,0
Austria,AUS,2009,0.972,0,0,28,13.125,0
Belarus,BLR,2009,0.246,1,0,24.2,10.17,0
Belgium,BEL,2009,0.958,0,1,26.2,11.234,0
Bolivia,BOL,2009,0.839,1,0,46.5,8.21,0
Botswana,BOT,2009,0.903,0,0,58.8,9.811,0
Brazil,BRA,2009,0.955,1,0,47.8,8.08,0
Bulgaria,BUL,2009,0.889,1,1,33.7,11.214,0
Burkina Faso,BFO,2009,0.812,1,0,43.4,1.374,0
Cameroon,CAO,2009,0.549,0,0,45,5.056,0
Canada,CAN,2009,0.939,0,1,31.1,13.056,0
Chile,CHL,2009,0.969,1,0,47.4,10.319,0
China,CHN,2009,0.206,1,0,43,7.607,1
Colombia,COL,2009,0.836,0,0,52.3,7.539,1
Costa Rica,COS,2009,0.974,1,0,45.7,7.439,0
Croatia,CRO,2009,0.916,1,1,55.1,0,0
Cyprus,CYP,2009,0.928,0,0,29.3,9.238,0
Czech Republic,CZR,2009,0.957,1,1,30,11.198,0
Denmark,DEN,2009,0.978,1,1,24.9,12.065,0
Djibouti,DJI,2009,0.384,1,0,42.8,0,0
Dominican Republic,DOM,2009,0.796,0,0,46.1,6.589,0
Ecuador,ECU,2009,0.732,0,0,45.1,8.522,1
Egypt,EGY,2009,0.36,1,0,41.4,7.631,1
El Salvador,SAL,2009,0.816,1,0,41.9,5.861,0
Estonia,EST,2009,0.959,1,1,32,11.436,0
Ethiopia,ETH,2009,0.369,1,0,33,0,0
Finland,FIN,2009,0.972,1,0,25.2,11.974,0
France,FRN,2009,0.958,1,1,29.3,12.398,1
Georgia,GRG,2009,0.751,1,0,39.7,10.879,0
Germany,GMY,2009,0.98,1,1,28.6,12.971,0
Ghana,GHA,2009,0.933,0,0,43.2,5.578,0
Greece,GRC,2009,0.959,0,1,32.5,10.617,0
Guatemala,GUA,2009,0.818,1,0,47.7,5.442,0
Honduras,HON,2009,0.648,1,0,49.8,5.754,0
Hungary,HUN,2009,0.936,1,1,27,11.146,0
Iceland,ICE,2009,0.951,0,1,27.2,11.31,0
India,IND,2009,0.905,0,0,48.5,4.807,1
Iran,IRN,2009,0.369,0,0,39.2,6.177,1
Ireland,IRE,2009,0.955,1,0,30.5,10.636,0
Israel,ISR,2009,0.922,0,0,36.8,10.694,1
Italy,ITA,2009,0.957,1,1,32.7,10.883,0
Jamaica,JAM,2009,0.918,1,0,41.1,9.04,0
Japan,JPN,2009,0.946,0,0,31.8,13.104,1
Jordan,JOR,2009,0.61,0,0,36.6,9.061,0
Kazakhstan,KZK,2009,0.388,1,0,26.9,11.668,0
Kenya,KEN,2009,0.771,0,0,46,6.422,1
Korea,KOR,2009,0.911,1,0,31.6,12.912,0
Kyrgyzstan,KYR,2009,0.478,1,0,34.1,10.235,0
Laos,LAO,2009,0.135,1,0,36.3,5.423,0
Latvia,LAT,2009,0.921,1,1,35.5,10.936,0
Lesotho,LES,2009,0.791,0,0,50.6,6.463,0
Lithuania,LIT,2009,0.947,1,1,33.9,11.444,0
Malawi,MAW,2009,0.809,0,0,45.9,4.694,0
Malaysia,MAL,2009,0.537,1,0,41.1,9.562,0
Malta,MLT,2009,0.903,0,0,27.4,0,0
Mauritania,MAA,2009,0.718,1,0,39.4,4.375,0
Mauritius,MAS,2009,0.939,0,0,38.1,7.769,0
Mexico,MEX,2009,0.838,1,0,46,8.435,0
Moldova,MLD,2009,0.732,1,0,36.2,9.953,1
Mongolia,MON,2009,0.894,1,0,34.6,0,0
Morocco,MOR,2009,0.655,0,0,41.3,4.321,0
Mozambique,MZM,2009,0.702,0,0,46,2.651,0
Namibia,NAM,2009,0.859,1,0,66.3,6.103,0
Netherlands,NTH,2009,0.961,1,1,26.2,11.505,0
New Zealand,NEW,2009,0.965,0,0,31.9,12.309,0
Nicaragua,NIC,2009,0.629,1,0,43.3,6.99,0
Niger,NIR,2009,0.744,0,0,38.6,1.282,0
Nigeria,NIG,2009,0.773,0,0,43.6,4.431,0
Norway,NOR,2009,0.972,0,1,24.6,12.581,0
Pakistan,PAK,2009,0.698,0,0,34.3,5.795,1
Panama,PAN,2009,0.898,1,0,47.9,9.017,0
Paraguay,PAR,2009,0.852,1,0,47.5,7.03,0
Peru,PER,2009,0.915,1,0,48.5,8.817,0
Philippines,PHI,2009,0.807,1,0,42,8.212,0
Poland,POL,2009,0.959,1,1,31,9.608,0
Portugal,POR,2009,0.964,1,1,33.5,7.772,0
Romania,ROM,2009,0.874,1,1,32.6,10.3,0
Russia,RUS,2009,0.504,0,0,36.2,9.59,1
Rwanda,RWA,2009,0.398,0,0,51.3,3.408,0
Serbia,0,2009,0.875,1,0,41.8,0,0
Seychelles,SEY,2009,0.709,0,0,33.6,10.349,0
Sierra Leone,SIE,2009,0.78,1,0,44,3.954,0
Singapore,SIN,2009,0.584,1,0,37.9,10.404,0
Slovakia,SLO,2009,0.928,1,1,17.9,11.12,0
South Africa,SAF,2009,0.928,0,0,60.7,7.836,0
Spain,SPN,2009,0.965,1,1,29.8,10.184,0
Sri Lanka,SRI,2009,0.621,1,0,43.4,7.373,0
Sudan,SUD,2009,0.312,1,0,40.4,0,1
Sweden,SWD,2009,0.976,1,0,22.5,11.818,0
Switzerland,SWZ,2009,0.967,0,0,30.5,12.701,0
Taiwan,TAW,2009,0.911,1,0,30.8,0,0
Tajikistan,TAJ,2009,0.294,1,0,42.6,9.37,0
Tanzania,TAZ,2009,0.816,1,0,44.4,3.621,0
Thailand,THI,2009,0.73,1,0,41.6,7.88,1
Tunisia,TUN,2009,0.237,1,0,40,6.232,0
Turkey,TUR,2009,0.79,1,1,40.1,6.705,0
Uganda,UGA,2009,0.642,1,0,44.9,4.419,0
Ukraine,UKR,2009,0.822,1,0,27.3,11.448,1
United Kingdom,UKG,2009,0.957,0,1,34.1,13.277,0
United States of America,USA,2009,0.973,1,1,37.6,13.55,1
Uruguay,URU,2009,0.966,1,0,41,8.676,0
Venezuela,VEN,2009,0.524,0,0,37.7,6.61,1
Vietnam,DRV,2009,0.374,1,0,34.8,6.401,0
Yemen,YEM,2009,0.519,1,0,37,0,0
Zambia,ZAM,2009,0.828,1,0,55.5,6.313,0
Zimbabwe,ZIM,2009,0.433,0,0,47.9,7.852,0
Angola,ANG,2010,0.434,0,0,49.7,2.98,0
Argentina,ARG,2010,0.901,1,0,40,8.77,0
Armenia,ARM,2010,0.603,1,0,35.8,10.818,0
Australia,AUL,2010,0.976,0,0,32.9,13.14,0
Austria,AUS,2010,0.976,0,0,28,13.14,0
Belarus,BLR,2010,0.231,1,0,24.2,10.205,0
Belgium,BEL,2010,0.959,0,1,26.3,11.29,0
Bolivia,BOL,2010,0.821,1,0,45.4,8.268,0
Botswana,BOT,2010,0.9,0,0,58.8,9.889,0
Brazil,BRA,2010,0.959,1,0,47.4,8.14,0
Bulgaria,BUL,2010,0.889,1,1,34.1,11.28,0
Burkina Faso,BFO,2010,0.832,1,0,43.2,1.428,0
Cameroon,CAO,2010,0.551,0,0,45.1,5.1,0
Canada,CAN,2010,0.939,0,1,31.3,13.08,0
Chile,CHL,2010,0.97,1,0,47.1,10.36,0
China,CHN,2010,0.207,1,0,42.9,7.688,1
Colombia,COL,2010,0.856,0,0,51.7,7.604,1
Costa Rica,COS,2010,0.974,1,0,45.8,7.5,1
Croatia,CRO,2010,0.931,1,1,55.2,0,0
Cyprus,CYP,2010,0.931,0,0,29.4,9.325,0
Czech Republic,CZR,2010,0.958,1,1,30.1,11.247,0
Denmark,DEN,2010,0.978,1,1,25.1,12.07,0
Djibouti,DJI,2010,0.381,1,0,42.9,0,0
Dominican Republic,DOM,2010,0.792,0,0,45.5,6.66,0
Ecuador,ECU,2010,0.706,0,0,44.3,8.579,0
Egypt,EGY,2010,0.362,1,0,41.6,7.72,0
El Salvador,SAL,2010,0.836,1,0,41.1,5.93,0
Estonia,EST,2010,0.962,1,1,32.2,11.456,0
Ethiopia,ETH,2010,0.317,1,0,33,0,1
Finland,FIN,2010,0.973,1,0,25.5,12.03,0
France,FRN,2010,0.958,1,1,29.5,12.46,0
Georgia,GRG,2010,0.763,1,0,40.2,10.902,0
Germany,GMY,2010,0.98,1,1,28.7,12.98,0
Ghana,GHA,2010,0.937,0,0,43.3,5.61,0
Greece,GRC,2010,0.963,0,1,32.8,10.7,1
Guatemala,GUA,2010,0.817,1,0,47.5,5.5,0
Honduras,HON,2010,0.64,1,0,49.6,5.79,0
Hungary,HUN,2010,0.898,1,1,27.1,11.19,0
Iceland,ICE,2010,0.949,0,1,26.2,11.388,0
India,IND,2010,0.905,0,0,49,4.84,0
Iran,IRN,2010,0.368,0,0,38.7,6.25,1
Ireland,IRE,2010,0.955,1,0,30.4,10.69,0
Israel,ISR,2010,0.919,0,0,37,10.716,1
Italy,ITA,2010,0.957,1,1,32.9,10.95,0
Jamaica,JAM,2010,0.918,1,0,41.1,9.08,0
Japan,JPN,2010,0.947,0,0,31.8,13.15,1
Jordan,JOR,2010,0.632,0,0,36.5,9.177,0
Kazakhstan,KZK,2010,0.385,1,0,26.6,11.748,0
Kenya,KEN,2010,0.817,1,0,45.9,6.46,1
Korea,KOR,2010,0.912,1,0,31.4,13,0
Kyrgyzstan,KYR,2010,0.649,1,0,33.8,10.242,1
Laos,LAO,2010,0.146,1,0,36.3,5.523,0
Latvia,LAT,2010,0.932,1,1,35.5,11.015,0
Lesotho,LES,2010,0.8,0,0,50.5,6.589,0
Lithuania,LIT,2010,0.948,1,1,33.6,11.584,0
Malawi,MAW,2010,0.797,0,0,45.9,4.77,0
Malaysia,MAL,2010,0.537,1,0,40.9,9.63,0
Malta,MLT,2010,0.901,0,0,27.3,0,0
Mauritania,MAA,2010,0.707,1,0,39.2,4.486,0
Mauritius,MAS,2010,0.938,0,0,38.2,7.828,0
Mexico,MEX,2010,0.84,1,0,45.7,8.48,0
Moldova,MLD,2010,0.859,1,0,35.7,9.986,0
Mongolia,MON,2010,0.899,1,0,34.6,0,0
Morocco,MOR,2010,0.661,0,0,41.2,4.39,0
Mozambique,MZM,2010,0.702,0,0,46.2,2.68,0
Namibia,NAM,2010,0.861,1,0,66.2,6.126,0
Netherlands,NTH,2010,0.963,1,1,26,11.53,0
New Zealand,NEW,2010,0.967,0,0,31.9,12.33,0
Nicaragua,NIC,2010,0.616,1,0,43.2,7.05,1
Niger,NIR,2010,0.72,0,0,38.4,1.31,0
Nigeria,NIG,2010,0.796,0,0,43.6,4.48,0
Norway,NOR,2010,0.973,0,1,24.7,12.6,0
Pakistan,PAK,2010,0.73,0,0,34.3,5.97,1
Panama,PAN,2010,0.893,1,0,47.6,9.06,0
Paraguay,PAR,2010,0.856,1,0,47.8,7.07,0
Peru,PER,2010,0.917,1,0,47.5,8.87,0
Philippines,PHI,2010,0.85,1,0,41.9,8.24,0
Poland,POL,2010,0.96,1,1,31,9.696,0
Portugal,POR,2010,0.965,1,1,33.4,7.82,0
Romania,ROM,2010,0.876,1,1,32.6,10.357,0
Russia,RUS,2010,0.495,0,0,35.7,9.61,0
Rwanda,RWA,2010,0.394,0,0,51.3,3.478,1
Serbia,0,2010,0.865,1,0,41.7,0,0
Seychelles,SEY,2010,0.708,0,0,33.9,10.405,0
Sierra Leone,SIE,2010,0.777,1,0,43.9,3.99,0
Singapore,SIN,2010,0.583,1,0,38.1,10.53,0
Slovakia,SLO,2010,0.936,1,1,18.8,11.176,0
South Africa,SAF,2010,0.925,0,0,60.8,7.88,0
Spain,SPN,2010,0.967,1,1,30,10.26,0
Sri Lanka,SRI,2010,0.609,1,0,43.7,7.421,0
Sudan,SUD,2010,0.356,1,0,40.4,0,0
Sweden,SWD,2010,0.976,1,0,22.9,11.85,0
Switzerland,SWZ,2010,0.967,0,0,30.4,12.71,0
Taiwan,TAW,2010,0.916,1,0,31.1,0,1
Tajikistan,TAJ,2010,0.279,1,0,42.6,9.352,0
Tanzania,TAZ,2010,0.819,0,0,44.5,3.645,0
Thailand,THI,2010,0.724,1,0,41.3,7.91,0
Tunisia,TUN,2010,0.241,1,0,39.8,6.331,0
Turkey,TUR,2010,0.757,1,1,40,6.75,1
Uganda,UGA,2010,0.641,1,0,44.8,4.54,1
Ukraine,UKR,2010,0.722,1,0,27.1,11.512,0
United Kingdom,UKG,2010,0.956,0,1,33.8,13.3,0
United States of America,USA,2010,0.971,1,1,37.3,13.61,1
Uruguay,URU,2010,0.968,1,0,39.8,8.71,0
Venezuela,VEN,2010,0.492,0,0,37.2,6.63,1
Vietnam,DRV,2010,0.379,1,0,34.9,6.532,1
Yemen,YEM,2010,0.533,1,0,37,0,1
Zambia,ZAM,2010,0.819,1,0,55.6,6.354,0
Zimbabwe,ZIM,2010,0.476,0,0,47.8,7.918,0
Angola,ANG,2011,0.435,0,0,49.7,2.98,0
Argentina,ARG,2011,0.903,1,0,39.3,8.77,0
Armenia,ARM,2011,0.607,1,0,35.7,10.818,0
Australia,AUL,2011,0.976,0,0,32.7,13.14,0
Austria,AUS,2011,0.976,0,0,27.9,13.14,0
Belarus,BLR,2011,0.226,1,0,24.2,10.205,0
Belgium,BEL,2011,0.958,0,1,26.2,11.29,1
Bolivia,BOL,2011,0.821,1,0,44.4,8.268,0
Botswana,BOT,2011,0.901,0,0,58.8,9.889,0
Brazil,BRA,2011,0.96,1,0,47.1,8.14,0
Bulgaria,BUL,2011,0.885,1,1,34.5,11.28,1
Burkina Faso,BFO,2011,0.832,1,0,42.9,1.428,0
Cameroon,CAO,2011,0.568,0,0,45.1,5.1,1
Canada,CAN,2011,0.927,0,1,31.1,13.08,1
Chile,CHL,2011,0.971,1,0,46.8,10.36,0
China,CHN,2011,0.201,1,0,42.8,7.688,1
Colombia,COL,2011,0.878,0,0,51,7.604,0
Costa Rica,COS,2011,0.974,1,0,46,7.5,0
Croatia,CRO,2011,0.936,1,1,55.3,0,1
Cyprus,CYP,2011,0.93,0,0,29.5,9.325,1
Czech Republic,CZR,2011,0.956,1,1,30.3,11.247,1
Denmark,DEN,2011,0.979,1,1,25.2,12.07,1
Djibouti,DJI,2011,0.388,1,0,43,0,0
Dominican Republic,DOM,2011,0.788,0,0,45,6.66,0
Ecuador,ECU,2011,0.707,0,0,43.4,8.579,0
Egypt,EGY,2011,0.51,1,0,42.2,7.72,1
El Salvador,SAL,2011,0.836,1,0,40.3,5.93,0
Estonia,EST,2011,0.965,1,1,32.5,11.456,1
Ethiopia,ETH,2011,0.324,1,0,33,0,1
Finland,FIN,2011,0.971,1,0,25.5,12.03,1
France,FRN,2011,0.959,1,1,30,12.46,1
Georgia,GRG,2011,0.76,1,0,40,10.902,1
Germany,GMY,2011,0.98,1,1,28.8,12.98,1
Ghana,GHA,2011,0.938,0,0,43.4,5.61,0
Greece,GRC,2011,0.963,0,1,33.1,10.7,1
Guatemala,GUA,2011,0.812,1,0,47.2,5.5,0
Honduras,HON,2011,0.651,1,0,49.6,5.79,1
Hungary,HUN,2011,0.888,1,1,27.4,11.19,1
Iceland,ICE,2011,0.948,0,1,25.7,11.388,1
India,IND,2011,0.905,0,0,49.5,4.84,1
Iran,IRN,2011,0.375,0,0,38.2,6.25,1
Ireland,IRE,2011,0.957,1,0,30.4,10.69,0
Israel,ISR,2011,0.918,0,0,36.8,10.716,1
Italy,ITA,2011,0.96,1,1,33.2,10.95,1
Jamaica,JAM,2011,0.918,1,0,41,9.08,1
Japan,JPN,2011,0.946,0,0,32,13.15,1
Jordan,JOR,2011,0.65,0,0,36.5,9.177,1
Kazakhstan,KZK,2011,0.376,1,0,26.4,11.748,0
Kenya,KEN,2011,0.817,1,0,45.8,6.46,1
Korea,KOR,2011,0.913,1,0,31.6,13,0
Kyrgyzstan,KYR,2011,0.758,1,0,33.5,10.242,0
Laos,LAO,2011,0.141,1,0,36.4,5.523,0
Latvia,LAT,2011,0.931,1,1,35.4,11.015,1
Lesotho,LES,2011,0.802,0,0,50.3,6.589,0
Lithuania,LIT,2011,0.947,1,1,33.7,11.584,1
Malawi,MAW,2011,0.796,0,0,45.8,4.77,0
Malaysia,MAL,2011,0.536,1,0,40.6,9.63,0
Malta,MLT,2011,0.902,0,0,27.3,0,0
Mauritania,MAA,2011,0.708,1,0,38.9,4.486,0
Mauritius,MAS,2011,0.94,0,0,38.3,7.828,0
Mexico,MEX,2011,0.842,1,0,45.4,8.48,0
Moldova,MLD,2011,0.86,1,0,35,9.986,0
Mongolia,MON,2011,0.901,1,0,34.6,0,0
Morocco,MOR,2011,0.683,0,0,41.2,4.39,0
Mozambique,MZM,2011,0.703,0,0,46.4,2.68,0
Namibia,NAM,2011,0.861,1,0,66.1,6.126,0
Netherlands,NTH,2011,0.964,1,1,26.1,11.53,1
New Zealand,NEW,2011,0.966,0,0,32,12.33,0
Nicaragua,NIC,2011,0.574,1,0,43.2,7.05,0
Niger,NIR,2011,0.835,1,0,38.1,1.31,0
Nigeria,NIG,2011,0.825,0,0,43.5,4.48,0
Norway,NOR,2011,0.973,0,1,24.6,12.6,1
Pakistan,PAK,2011,0.731,0,0,34.3,5.97,1
Panama,PAN,2011,0.893,1,0,47.4,9.06,0
Paraguay,PAR,2011,0.85,1,0,47.9,7.07,0
Peru,PER,2011,0.923,1,0,46.4,8.87,0
Philippines,PHI,2011,0.855,1,0,41.7,8.24,1
Poland,POL,2011,0.961,1,1,30.8,9.696,1
Portugal,POR,2011,0.961,1,1,33.4,7.82,1
Romania,ROM,2011,0.877,1,1,32.7,10.357,1
Russia,RUS,2011,0.474,0,0,35.5,9.61,1
Rwanda,RWA,2011,0.397,0,0,51.1,3.478,0
Serbia,0,2011,0.866,1,0,41.7,0,0
Seychelles,SEY,2011,0.717,0,0,34,10.405,0
Sierra Leone,SIE,2011,0.778,1,0,43.7,3.99,0
Singapore,SIN,2011,0.603,1,0,38.3,10.53,0
Slovakia,SLO,2011,0.938,1,1,19.5,11.176,1
South Africa,SAF,2011,0.924,0,0,60.8,7.88,0
Spain,SPN,2011,0.966,1,1,31,10.26,1
Sri Lanka,SRI,2011,0.602,1,0,44,7.421,0
Sudan,SUD,2011,0.336,1,0,40.4,0,1
Sweden,SWD,2011,0.976,1,0,23.2,11.85,1
Switzerland,SWZ,2011,0.967,0,0,30.2,12.71,0
Taiwan,TAW,2011,0.917,1,0,30.7,0,1
Tajikistan,TAJ,2011,0.273,1,0,42.7,9.352,1
Tanzania,TAZ,2011,0.819,0,0,44.5,3.645,0
Thailand,THI,2011,0.791,1,0,40.9,7.91,1
Tunisia,TUN,2011,0.886,1,0,39.6,6.331,1
Turkey,TUR,2011,0.745,1,1,39.8,6.75,1
Uganda,UGA,2011,0.642,1,0,44.7,4.54,0
Ukraine,UKR,2011,0.713,1,0,26.9,11.512,0
United Kingdom,UKG,2011,0.956,0,1,33.5,13.3,1
United States of America,USA,2011,0.97,1,1,37.9,13.61,1
Uruguay,URU,2011,0.968,1,0,38.2,8.71,0
Venezuela,VEN,2011,0.486,0,0,36.9,6.63,0
Vietnam,DRV,2011,0.388,1,0,34.9,6.532,1
Yemen,YEM,2011,0.546,1,0,37.1,0,0
Zambia,ZAM,2011,0.818,1,0,55.6,6.354,0
Zimbabwe,ZIM,2011,0.485,0,0,47.7,7.918,0
Angola,ANG,2012,0.428,0,0,49.7,2.98,0
Argentina,ARG,2012,0.902,1,0,38.6,8.77,1
Armenia,ARM,2012,0.625,1,0,35.9,10.818,0
Australia,AUL,2012,0.976,0,0,32.5,13.14,0
Austria,AUS,2012,0.976,0,0,27.8,13.14,0
Belarus,BLR,2012,0.25,1,0,24.2,10.205,0
Belgium,BEL,2012,0.958,0,1,26.1,11.29,1
Bolivia,BOL,2012,0.813,1,0,43.9,8.268,0
Botswana,BOT,2012,0.896,0,0,58.7,9.889,0
Brazil,BRA,2012,0.957,1,0,46.9,8.14,0
Bulgaria,BUL,2012,0.885,1,1,35,11.28,0
Burkina Faso,BFO,2012,0.847,1,0,42.7,1.428,0
Cameroon,CAO,2012,0.568,0,0,45.2,5.1,0
Canada,CAN,2012,0.927,0,1,31.5,13.08,0
Chile,CHL,2012,0.971,1,0,46.5,10.36,0
China,CHN,2012,0.2,1,0,42.2,7.688,1
Colombia,COL,2012,0.879,0,0,50.3,7.604,0
Costa Rica,COS,2012,0.974,1,0,46.1,7.5,0
Croatia,CRO,2012,0.937,1,1,55.5,0,0
Cyprus,CYP,2012,0.93,0,0,29.5,9.325,0
Czech Republic,CZR,2012,0.957,1,1,30.4,11.247,0
Denmark,DEN,2012,0.979,1,1,25.2,12.07,1
Djibouti,DJI,2012,0.391,1,0,43.1,0,0
Dominican Republic,DOM,2012,0.784,0,0,44.3,6.66,0
Ecuador,ECU,2012,0.701,0,0,42.8,8.579,0
Egypt,EGY,2012,0.638,1,0,42.8,7.72,0
El Salvador,SAL,2012,0.839,1,0,39.8,5.93,0
Estonia,EST,2012,0.966,1,1,32.8,11.456,0
Ethiopia,ETH,2012,0.325,1,0,33.1,0,1
Finland,FIN,2012,0.97,1,0,25.3,12.03,0
France,FRN,2012,0.959,1,1,30.1,12.46,0
Georgia,GRG,2012,0.777,1,0,39.6,10.902,1
Germany,GMY,2012,0.98,1,1,28.9,12.98,1
Ghana,GHA,2012,0.929,0,0,43.5,5.61,1
Greece,GRC,2012,0.961,0,1,33.2,10.7,1
Guatemala,GUA,2012,0.809,1,0,46.6,5.5,0
Honduras,HON,2012,0.649,1,0,49.2,5.79,0
Hungary,HUN,2012,0.883,1,1,27.7,11.19,0
Iceland,ICE,2012,0.946,0,1,25.3,11.388,0
India,IND,2012,0.897,0,0,49.5,4.84,1
Iran,IRN,2012,0.394,0,0,37.8,6.25,1
Ireland,IRE,2012,0.957,1,0,30.5,10.69,0
Israel,ISR,2012,0.919,0,0,36.7,10.716,1
Italy,ITA,2012,0.962,1,1,33.4,10.95,1
Jamaica,JAM,2012,0.918,1,0,41,9.08,0
Japan,JPN,2012,0.945,0,0,32,13.15,1
Jordan,JOR,2012,0.653,0,0,36.4,9.177,1
Kazakhstan,KZK,2012,0.379,1,0,26.3,11.748,0
Kenya,KEN,2012,0.816,1,0,45.7,6.46,0
Korea,KOR,2012,0.896,1,0,31.4,13,0
Kyrgyzstan,KYR,2012,0.746,1,0,33.4,10.242,1
Laos,LAO,2012,0.142,1,0,36.5,5.523,0
Latvia,LAT,2012,0.933,1,1,35.3,11.015,0
Lesotho,LES,2012,0.819,0,0,50.2,6.589,0
Lithuania,LIT,2012,0.945,1,1,34.3,11.584,1
Malawi,MAW,2012,0.812,0,0,45.7,4.77,0
Malaysia,MAL,2012,0.537,1,0,40.5,9.63,0
Malta,MLT,2012,0.901,0,0,27.3,0,0
Mauritania,MAA,2012,0.709,1,0,38.7,4.486,0
Mauritius,MAS,2012,0.94,0,0,38.3,7.828,0
Mexico,MEX,2012,0.838,1,0,45.2,8.48,0
Moldova,MLD,2012,0.857,1,0,34.4,9.986,0
Mongolia,MON,2012,0.903,1,0,34.6,0,0
Morocco,MOR,2012,0.685,0,0,41.2,4.39,0
Mozambique,MZM,2012,0.7,0,0,46.6,2.68,0
Namibia,NAM,2012,0.862,1,0,66.1,6.126,0
Netherlands,NTH,2012,0.962,1,1,26.2,11.53,0
New Zealand,NEW,2012,0.966,0,0,32.1,12.33,0
Nicaragua,NIC,2012,0.551,1,0,43.2,7.05,0
Niger,NIR,2012,0.864,1,0,38,1.31,0
Nigeria,NIG,2012,0.827,1,0,43.3,4.48,0
Norway,NOR,2012,0.972,0,1,24.7,12.6,1
Pakistan,PAK,2012,0.735,0,0,34.3,5.97,1
Panama,PAN,2012,0.893,1,0,47.2,9.06,0
Paraguay,PAR,2012,0.831,1,0,46.6,7.07,0
Peru,PER,2012,0.928,1,0,46,8.87,0
Philippines,PHI,2012,0.856,1,0,41.6,8.24,0
Poland,POL,2012,0.96,1,1,30.9,9.696,0
Portugal,POR,2012,0.961,1,1,33.3,7.82,0
Romania,ROM,2012,0.869,1,1,32.9,10.357,0
Russia,RUS,2012,0.459,0,0,35.2,9.61,1
Rwanda,RWA,2012,0.403,0,0,51,3.478,1
Serbia,0,2012,0.852,1,0,41.6,0,0
Seychelles,SEY,2012,0.717,0,0,34,10.405,0
Sierra Leone,SIE,2012,0.772,1,0,43.5,3.99,0
Singapore,SIN,2012,0.604,1,0,38.3,10.53,0
Slovakia,SLO,2012,0.932,1,1,20.7,11.176,0
South Africa,SAF,2012,0.925,0,0,60.9,7.88,0
Spain,SPN,2012,0.96,1,1,31.6,10.26,1
Sri Lanka,SRI,2012,0.604,1,0,44.3,7.421,0
Sudan,SUD,2012,0.333,1,0,40.4,0,1
Sweden,SWD,2012,0.977,1,0,23.5,11.85,0
Switzerland,SWZ,2012,0.967,0,0,29.9,12.71,0
Taiwan,TAW,2012,0.918,1,0,30.4,0,1
Tajikistan,TAJ,2012,0.271,1,0,42.7,9.352,1
Tanzania,TAZ,2012,0.816,0,0,44.5,3.645,0
Thailand,THI,2012,0.805,1,0,40.6,7.91,0
Tunisia,TUN,2012,0.923,1,0,39.4,6.331,0
Turkey,TUR,2012,0.738,1,1,39.6,6.75,1
Uganda,UGA,2012,0.638,1,0,44.5,4.54,0
Ukraine,UKR,2012,0.689,1,0,26.8,11.512,0
United Kingdom,UKG,2012,0.958,0,1,33.3,13.3,1
United States of America,USA,2012,0.971,1,1,38.1,13.61,1
Uruguay,URU,2012,0.967,1,0,36.7,8.71,0
Venezuela,VEN,2012,0.476,0,0,36.7,6.63,0
Vietnam,DRV,2012,0.382,1,0,34.7,6.532,1
Yemen,YEM,2012,0.593,1,0,37.1,0,0
Zambia,ZAM,2012,0.818,1,0,55.6,6.354,0
Zimbabwe,ZIM,2012,0.484,0,0,47.7,7.918,0
Angola,ANG,2013,0.427,0,0,49.8,2.98,1
Argentina,ARG,2013,0.909,1,0,38.1,8.77,0
Armenia,ARM,2013,0.606,1,0,36.3,10.818,0
Australia,AUL,2013,0.971,0,0,32.6,13.14,0
Austria,AUS,2013,0.971,0,0,27.8,13.14,0
Belarus,BLR,2013,0.274,1,0,24.2,10.205,0
Belgium,BEL,2013,0.96,0,1,26.2,11.29,0
Bolivia,BOL,2013,0.805,1,0,43.5,8.268,0
Botswana,BOT,2013,0.896,0,0,58.6,9.889,0
Brazil,BRA,2013,0.96,1,0,46.3,8.14,0
Bulgaria,BUL,2013,0.874,1,1,35.6,11.28,0
Burkina Faso,BFO,2013,0.848,1,0,42.4,1.428,0
Cameroon,CAO,2013,0.555,0,0,45.2,5.1,0
Canada,CAN,2013,0.928,0,1,31.7,13.08,0
Chile,CHL,2013,0.969,1,0,46.1,10.36,0
China,CHN,2013,0.172,1,0,41.4,7.688,1
Colombia,COL,2013,0.887,0,0,49.8,7.604,1
Costa Rica,COS,2013,0.973,1,0,46.3,7.5,0
Croatia,CRO,2013,0.923,1,1,55.6,0,0
Cyprus,CYP,2013,0.93,0,0,29.5,9.325,0
Czech Republic,CZR,2013,0.947,1,1,30.6,11.247,0
Denmark,DEN,2013,0.979,1,1,25.2,12.07,0
Djibouti,DJI,2013,0.388,1,0,43.2,0,0
Dominican Republic,DOM,2013,0.774,0,0,43.9,6.66,0
Ecuador,ECU,2013,0.675,0,0,42.5,8.579,1
Egypt,EGY,2013,0.521,1,0,42.6,7.72,0
El Salvador,SAL,2013,0.84,1,0,39.5,5.93,0
Estonia,EST,2013,0.964,1,1,33.3,11.456,1
Ethiopia,ETH,2013,0.326,1,0,33.2,0,0
Finland,FIN,2013,0.973,1,0,25.5,12.03,1
France,FRN,2013,0.959,1,1,29.9,12.46,0
Georgia,GRG,2013,0.848,1,0,39.3,10.902,1
Germany,GMY,2013,0.975,1,1,29.1,12.98,0
Ghana,GHA,2013,0.923,0,0,43.6,5.61,0
Greece,GRC,2013,0.957,0,1,33.1,10.7,0
Guatemala,GUA,2013,0.814,1,0,46.1,5.5,0
Honduras,HON,2013,0.687,1,0,48.5,5.79,0
Hungary,HUN,2013,0.853,1,1,27.9,11.19,0
Iceland,ICE,2013,0.941,0,1,24.9,11.388,0
India,IND,2013,0.897,1,0,49.6,4.84,1
Iran,IRN,2013,0.443,0,0,37.7,6.25,1
Ireland,IRE,2013,0.957,1,0,30.4,10.69,0
Israel,ISR,2013,0.912,0,0,36.2,10.716,1
Italy,ITA,2013,0.96,1,1,33.5,10.95,0
Jamaica,JAM,2013,0.927,0,0,40.9,9.08,0
Japan,JPN,2013,0.937,0,0,31.9,13.15,1
Jordan,JOR,2013,0.669,0,0,36.4,9.177,1
Kazakhstan,KZK,2013,0.379,1,0,26.1,11.748,1
Kenya,KEN,2013,0.817,1,0,45.7,6.46,1
Korea,KOR,2013,0.885,1,0,31.7,13,0
Kyrgyzstan,KYR,2013,0.737,1,0,33.3,10.242,1
Laos,LAO,2013,0.144,1,0,36.6,5.523,0
Latvia,LAT,2013,0.938,1,1,35.2,11.015,0
Lesotho,LES,2013,0.831,0,0,50,6.589,0
Lithuania,LIT,2013,0.943,1,1,34.8,11.584,0
Malawi,MAW,2013,0.828,0,0,45.7,4.77,0
Malaysia,MAL,2013,0.526,1,0,40.3,9.63,0
Malta,MLT,2013,0.887,0,0,27.2,0,0
Mauritania,MAA,2013,0.637,1,0,38.5,4.486,0
Mauritius,MAS,2013,0.932,0,0,38.3,7.828,0
Mexico,MEX,2013,0.815,1,0,44.9,8.48,0
Moldova,MLD,2013,0.849,1,0,33.7,9.986,0
Mongolia,MON,2013,0.883,1,0,34.6,0,0
Morocco,MOR,2013,0.685,0,0,41.3,4.39,0
Mozambique,MZM,2013,0.7,0,0,46.9,2.68,0
Namibia,NAM,2013,0.867,1,0,66,6.126,0
Netherlands,NTH,2013,0.963,1,1,26.4,11.53,0
New Zealand,NEW,2013,0.964,0,0,32.4,12.33,0
Nicaragua,NIC,2013,0.446,0,0,43.1,7.05,0
Niger,NIR,2013,0.88,1,0,38,1.31,0
Nigeria,NIG,2013,0.84,1,0,43.3,4.48,0
Norway,NOR,2013,0.971,0,1,25.2,12.6,0
Pakistan,PAK,2013,0.731,0,0,34.2,5.97,1
Panama,PAN,2013,0.895,1,0,46.9,9.06,1
Paraguay,PAR,2013,0.793,1,0,46.7,7.07,0
Peru,PER,2013,0.925,1,0,45.6,8.87,0
Philippines,PHI,2013,0.864,1,0,41.5,8.24,1
Poland,POL,2013,0.96,1,1,31.3,9.696,0
Portugal,POR,2013,0.961,1,1,33.3,7.82,0
Romania,ROM,2013,0.877,1,1,33.2,10.357,0
Russia,RUS,2013,0.438,0,0,34.7,9.61,1
Rwanda,RWA,2013,0.414,0,0,50.8,3.478,1
Serbia,0,2013,0.792,1,0,41.5,0,0
Seychelles,SEY,2013,0.733,0,0,33.8,10.405,0
Sierra Leone,SIE,2013,0.769,1,0,43.4,3.99,0
Singapore,SIN,2013,0.603,0,0,38.4,10.53,0
Slovakia,SLO,2013,0.927,1,1,22,11.176,0
South Africa,SAF,2013,0.915,0,0,61,7.88,0
Spain,SPN,2013,0.952,1,1,32.3,10.26,1
Sri Lanka,SRI,2013,0.629,0,0,44.6,7.421,0
Sudan,SUD,2013,0.334,1,0,40.4,0,0
Sweden,SWD,2013,0.975,1,0,23,11.85,0
Switzerland,SWZ,2013,0.968,0,0,29.7,12.71,0
Taiwan,TAW,2013,0.918,1,0,30.5,0,1
Tajikistan,TAJ,2013,0.224,0,0,42.8,9.352,1
Tanzania,TAZ,2013,0.815,0,0,44.7,3.645,0
Thailand,THI,2013,0.76,0,0,40.2,7.91,1
Tunisia,TUN,2013,0.927,1,0,39.3,6.331,0
Turkey,TUR,2013,0.691,1,1,39.5,6.75,1
Uganda,UGA,2013,0.625,1,0,44.4,4.54,1
Ukraine,UKR,2013,0.698,1,0,26.7,11.512,1
United Kingdom,UKG,2013,0.954,0,1,33.4,13.3,1
United States of America,USA,2013,0.973,1,1,38.1,13.61,1
Uruguay,URU,2013,0.966,1,0,36.8,8.71,0
Venezuela,VEN,2013,0.396,0,0,36.5,6.63,1
Vietnam,DRV,2013,0.381,1,0,34.7,6.532,1
Yemen,YEM,2013,0.551,1,0,37.1,0,0
Zambia,ZAM,2013,0.779,0,0,55.7,6.354,0
Zimbabwe,ZIM,2013,0.548,0,0,47.8,7.918,0
Angola,ANG,2014,0.429,0,0,49.8,2.98,0
Argentina,ARG,2014,0.912,1,0,37.8,8.77,0
Armenia,ARM,2014,0.605,1,0,36.6,10.818,0
Australia,AUL,2014,0.971,0,0,32.7,13.14,0
Austria,AUS,2014,0.971,0,0,27.7,13.14,0
Belarus,BLR,2014,0.277,1,0,24.1,10.205,0
Belgium,BEL,2014,0.96,0,1,26.2,11.29,0
Bolivia,BOL,2014,0.789,1,0,43.1,8.268,0
Botswana,BOT,2014,0.894,0,0,58.5,9.889,0
Brazil,BRA,2014,0.958,1,0,46.3,8.14,0
Bulgaria,BUL,2014,0.878,1,1,36.2,11.28,0
Burkina Faso,BFO,2014,0.879,1,0,42.2,1.428,0
Cameroon,CAO,2014,0.553,0,0,45.3,5.1,0
Canada,CAN,2014,0.929,0,1,31.6,13.08,1
Chile,CHL,2014,0.97,1,0,45.9,10.36,0
China,CHN,2014,0.17,1,0,41.6,7.688,1
Colombia,COL,2014,0.89,0,0,49.3,7.604,0
Costa Rica,COS,2014,0.973,1,0,46.2,7.5,0
Croatia,CRO,2014,0.924,1,1,55.8,0,0
Cyprus,CYP,2014,0.928,0,0,29.4,9.325,0
Czech Republic,CZR,2014,0.943,1,1,30.6,11.247,0
Denmark,DEN,2014,0.979,1,1,25.6,12.07,0
Djibouti,DJI,2014,0.393,1,0,43.2,0,0
Dominican Republic,DOM,2014,0.773,0,0,43,6.66,0
Ecuador,ECU,2014,0.67,0,0,42,8.579,0
Egypt,EGY,2014,0.356,1,0,42.3,7.72,1
El Salvador,SAL,2014,0.857,1,0,38.9,5.93,0
Estonia,EST,2014,0.964,1,1,32.9,11.456,1
Ethiopia,ETH,2014,0.328,1,0,33.3,0,0
Finland,FIN,2014,0.973,1,0,25.3,12.03,1
France,FRN,2014,0.958,1,1,29.8,12.46,1
Georgia,GRG,2014,0.856,1,0,39,10.902,0
Germany,GMY,2014,0.974,1,1,29.2,12.98,1
Ghana,GHA,2014,0.919,0,0,43.6,5.61,0
Greece,GRC,2014,0.957,0,1,33,10.7,0
Guatemala,GUA,2014,0.82,1,0,45.5,5.5,0
Honduras,HON,2014,0.687,1,0,47.6,5.79,0
Hungary,HUN,2014,0.802,1,1,27.8,11.19,0
Iceland,ICE,2014,0.94,0,1,24.9,11.388,0
India,IND,2014,0.871,1,0,49.7,4.84,1
Iran,IRN,2014,0.443,0,0,37.7,6.25,1
Ireland,IRE,2014,0.957,1,0,30.2,10.69,0
Israel,ISR,2014,0.913,0,0,35.9,10.716,1
Italy,ITA,2014,0.96,1,1,33.6,10.95,0
Jamaica,JAM,2014,0.93,0,0,40.8,9.08,0
Japan,JPN,2014,0.936,0,0,31.7,13.15,0
Jordan,JOR,2014,0.671,0,0,36.4,9.177,0
Kazakhstan,KZK,2014,0.379,1,0,26,11.748,0
Kenya,KEN,2014,0.811,1,0,45.6,6.46,0
Korea,KOR,2014,0.883,1,0,32,13,0
Kyrgyzstan,KYR,2014,0.733,1,0,33.1,10.242,0
Laos,LAO,2014,0.143,1,0,36.6,5.523,0
Latvia,LAT,2014,0.942,1,1,35,11.015,0
Lesotho,LES,2014,0.83,0,0,49.9,6.589,0
Lithuania,LIT,2014,0.944,1,1,35.3,11.584,1
Malawi,MAW,2014,0.827,0,0,45.7,4.77,0
Malaysia,MAL,2014,0.526,1,0,40.2,9.63,1
Malta,MLT,2014,0.882,0,0,27.2,0,0
Mauritania,MAA,2014,0.647,1,0,38.2,4.486,0
Mauritius,MAS,2014,0.934,0,0,38.3,7.828,0
Mexico,MEX,2014,0.816,1,0,44.5,8.48,0
Moldova,MLD,2014,0.85,1,0,33,9.986,0
Mongolia,MON,2014,0.885,1,0,34.5,0,0
Morocco,MOR,2014,0.682,0,0,41.2,4.39,0
Mozambique,MZM,2014,0.712,0,0,47.1,2.68,0
Namibia,NAM,2014,0.879,1,0,65.9,6.126,0
Netherlands,NTH,2014,0.964,1,1,26.7,11.53,1
New Zealand,NEW,2014,0.964,0,0,32.6,12.33,0
Nicaragua,NIC,2014,0.444,0,0,43.1,7.05,0
Niger,NIR,2014,0.88,1,0,37.9,1.31,0
Nigeria,NIG,2014,0.841,1,0,43.1,4.48,0
Norway,NOR,2014,0.971,0,1,25.4,12.6,1
Pakistan,PAK,2014,0.724,0,0,34.2,5.97,1
Panama,PAN,2014,0.888,1,0,46.6,9.06,0
Paraguay,PAR,2014,0.799,1,0,46.5,7.07,0
Peru,PER,2014,0.926,1,0,45,8.87,0
Philippines,PHI,2014,0.861,1,0,41.3,8.24,1
Poland,POL,2014,0.953,1,1,30.4,9.696,1
Portugal,POR,2014,0.962,1,1,33.1,7.82,1
Romania,ROM,2014,0.884,1,1,33.6,10.357,0
Russia,RUS,2014,0.421,0,0,34,9.61,1
Rwanda,RWA,2014,0.417,0,0,50.8,3.478,1
Serbia,0,2014,0.75,1,0,41.5,0,0
Seychelles,SEY,2014,0.739,0,0,33.6,10.405,0
Sierra Leone,SIE,2014,0.772,1,0,43.2,3.99,0
Singapore,SIN,2014,0.601,0,0,38.5,10.53,0
Slovakia,SLO,2014,0.926,1,1,23.2,11.176,0
South Africa,SAF,2014,0.905,0,0,61.2,7.88,0
Spain,SPN,2014,0.951,1,1,31.8,10.26,1
Sri Lanka,SRI,2014,0.626,0,0,44.9,7.421,0
Sudan,SUD,2014,0.335,1,0,40.4,0,1
Sweden,SWD,2014,0.974,1,0,23.8,11.85,1
Switzerland,SWZ,2014,0.968,0,0,29.4,12.71,0
Taiwan,TAW,2014,0.921,1,0,30,0,1
Tajikistan,TAJ,2014,0.217,0,0,42.9,9.352,0
Tanzania,TAZ,2014,0.813,0,0,44.7,3.645,0
Thailand,THI,2014,0.342,1,0,39.9,7.91,1
Tunisia,TUN,2014,0.924,1,0,39.3,6.331,0
Turkey,TUR,2014,0.597,1,1,39.6,6.75,1
Uganda,UGA,2014,0.615,1,0,44.4,4.54,0
Ukraine,UKR,2014,0.648,1,0,26.7,11.512,1
United Kingdom,UKG,2014,0.953,0,1,33.5,13.3,1
United States of America,USA,2014,0.973,1,1,38.4,13.61,1
Uruguay,URU,2014,0.964,1,0,36.4,8.71,0
Venezuela,VEN,2014,0.383,0,0,36.3,6.63,0
Vietnam,DRV,2014,0.382,1,0,34.6,6.532,1
Yemen,YEM,2014,0.469,1,0,37.2,0,0
Zambia,ZAM,2014,0.777,0,0,55.7,6.354,0
Zimbabwe,ZIM,2014,0.525,0,0,47.8,7.918,0
